Day of Week,Route,Direction,Stop ID,Stop Seq ID,Stop Name,Total On,Total Off,Total Activity,Cumulative Load,Wheelchair
,,,,,,,,,,
Saturday,1A,Outbound,786107,2,Kemper and 13th St,1,3,4,42,0,37.403339,-79.154050
Saturday,1A,Outbound,785812,3,15Th St. & Buchanan St. (Outbound),0,1,1,42,0,37.402122,-79.151860
Saturday,1A,Outbound,785813,4,15Th St. & Pierce St. (Outbound),1,2,2,41,0,37.402707,-79.150791
Saturday,1A,Outbound,786018,5,Fillmore St. (Southbound Corner Of 16th St.),1,1,2,41,0,37.402600,-79.149228
Saturday,1A,Outbound,785816,6,16Th St.& Floyd St. (Outbound),2,2,4,41,0,37.402937,-79.148217
Saturday,1A,Outbound,785815,7,16th St. & Wise St. (Outbound),0,0,1,41,0,37.403425,-79.147370
Saturday,1A,Outbound,785819,8,16th St. & Taylor St. (Outbound),2,2,4,41,0,37.403967,-79.146402
Saturday,1A,Outbound,785818,9,16th St. & Monroe St. (Outbound),3,4,6,41,0,37.404478,-79.145508
Saturday,1A,Outbound,785817,10,16th St. & Grace St. (Outbound),2,2,4,40,0,37.405417,-79.143921
Saturday,1A,Outbound,786081,11,Grace St. (Southbound Corner Of 17Th St.),1,0,1,41,0,37.405054,-79.143657
Saturday,1A,Outbound,786082,12,Grace St. (Southbound Corner Of Knight St.),1,1,2,41,0,37.403992,-79.143705
Saturday,1A,Outbound,786076,13,Grace St. (Eastbound Across From Locust St.),0,0,1,41,0,37.403341,-79.142079
Saturday,1A,Outbound,786078,14,Grace St. (Eastbound Before Robins Rd.),2,5,7,38,0,37.402715,-79.140003
Saturday,1A,Outbound,786409,15,Tritek/KDC One,2,2,4,13,0,37.399697,-79.142526
Saturday,1A,Outbound,786077,16,Grace St. (Eastbound Across Street From Maple St.),0,0,1,40,0,37.402142,-79.138497
Saturday,1A,Outbound,786079,17,Grace St. (Eastbound Corner Of Florida Ave.),2,2,4,40,0,37.401360,-79.137286
Saturday,1A,Outbound,786023,18,Florida Ave. (Northbound Corner Of Poplar St.),1,1,1,40,0,37.402442,-79.136861
Saturday,1A,Outbound,786282,19,Poplar St. (Eastbound Across Street From Buena Vista St.),0,0,0,40,0,37.402234,-79.135392
Saturday,1A,Outbound,785886,20,Buena Vista St. (Eastbound Corner Of Tulip St.),3,3,6,40,0,37.402805,-79.133881
Saturday,1A,Outbound,785885,21,Buena Vista St. (Eastbound Corner Of Main St.),1,0,1,40,0,37.403625,-79.132450
Saturday,1A,Outbound,786180,22,Main St. (Westbound Across From Oak St.),0,0,0,40,0,37.404658,-79.133121
Saturday,1A,Outbound,786182,23,Main St. (Westbound Corner Of Ruby St.),1,0,1,41,0,37.406008,-79.134350
Saturday,1A,Outbound,786181,24,Main St. (Westbound Corner Of Pine St.),2,0,2,42,0,37.406965,-79.135181
Saturday,1A,Outbound,786173,25,Main St. (Corner Of Pearl St.),0,0,0,42,0,37.409636,-79.137567
Saturday,1A,Outbound,786183,26,Main St. (Westbound Corner Of Washington St.),2,2,3,42,0,37.410470,-79.138284
Saturday,1A,Outbound,785968,27,Commerce St. (Westbound Craddock Terry Parking Lot),0,1,1,42,0,37.411091,-79.138279
Saturday,1A,Outbound,785966,28,Commerce St. (Westbound Corner Of 10th St.),1,2,3,42,0,37.414399,-79.140427
Saturday,1A,Outbound,785967,29,Commerce St. (Westbound Corner Of 10th St.),1,1,2,41,0,37.415935,-79.141794
Saturday,1A,Outbound,786174,30,7th St. & Main St.,3,2,5,43,0,37.417066,-79.144170
Saturday,1A,Outbound,785809,30,Kemper Street Transfer Center,29,30,59,38,1,37.408105,-79.157322
Saturday,1A,Outbound,786009,31,Fifth St. (Westbound Corner Of Church St.),0,0,0,43,0,37.417539,-79.146487
Saturday,1A,Outbound,786010,32,Fifth St. (Westbound Corner Of Clay St.),0,2,2,42,0,37.416697,-79.147922
Saturday,1A,Outbound,786012,33,Fifth St. (Westbound Corner Of Madison St.),5,4,10,42,0,37.415984,-79.149220
Saturday,1A,Outbound,786005,34,Federal St. (Westbound Corner Of 4th St.),3,3,6,42,0,37.415827,-79.151294
Saturday,1A,Outbound,786004,35,Federal St. (Westbound Corner Of 2nd St.),0,0,0,42,0,37.417495,-79.152791
Saturday,1A,Outbound,786003,36,Federal St. (Westbound Corner Of 1St St. Across From True Holiness Church Of The Lord Jesus Christ),1,1,1,43,0,37.418655,-79.153826
Saturday,1A,Outbound,786002,37,Federal St. (Tinbridge Manor Stop Where It Turns Into Hollins Mill Rd. ),9,8,17,44,2,37.419869,-79.155127
Saturday,1A,Outbound,2501911,38,Jackson Street and Garland Street,1,1,1,45,0,37.418650,-79.155372
Saturday,1A,Outbound,2501912,39,Jackson Street and 3rd Street,1,0,1,45,0,37.416455,-79.153343
Saturday,1A,Outbound,786000,40,Federal St. (Eastbound Corner Of 3rd St.),0,0,0,33,0,37.416762,-79.152282
Saturday,1A,Outbound,786006,41,Fereral St. (Eastbound Corner Where Roundabout Is),1,1,2,45,0,37.415468,-79.151131
Saturday,1A,Outbound,2332129,42,Fifth St. (INBOUND Corner of Polk St.),1,1,2,46,0,37.413948,-79.152818
Saturday,1A,Outbound,786015,43,Fifth St. (Westbound Corner Of Wise St.),0,0,0,45,0,37.412658,-79.155141
Saturday,1A,Outbound,786011,44,Fifth St. (Westbound Corner Of Fillmore St.),0,0,0,45,0,37.411602,-79.157037
Saturday,1A,Outbound,785940,46,Chambers St. (Northbound Corner Of 5th St.),0,0,1,38,0,37.410387,-79.159824
Saturday,1A,Outbound,785939,47,Chambers St. (Northbound Corner Of 2nd St.),0,0,1,38,0,37.412664,-79.161319
Saturday,1A,Outbound,785938,48,Chambers St. (Northbound Corner Of 1st St.),2,2,4,38,1,37.414495,-79.161195
Saturday,1A,Outbound,785941,49,Chambers St. (Northbound Hunt St. Dearington Apartments),1,1,2,38,0,37.416398,-79.162925
Saturday,1A,Outbound,785942,50,Chambers St. (Northbound Lovell St. Dearington Apartments),1,1,2,39,0,37.417322,-79.163766
Saturday,1A,Outbound,785943,51,Chambers St. (Northbound Pulaski St. Dearington Apartments),2,1,3,40,0,37.418503,-79.164202
Saturday,1A,Outbound,785936,52,Chambers St. (Lovell St. Dearington Apartments),2,2,3,40,0,37.417888,-79.163143
Saturday,1A,Outbound,786284,53,Pulaski St. (Hunt St. Dearington Apartments),1,1,2,40,0,37.417088,-79.162422
Saturday,1A,Outbound,785930,54,Caroline St. (Westbound Corner Of Stoneridge St.),0,0,0,40,0,37.414559,-79.162465
Saturday,1A,Outbound,785929,55,Caroline St. (Westbound Corner Of Smythe St.),1,1,2,40,0,37.413596,-79.164147
Saturday,1A,Outbound,786105,56,Hillcrest Ave. (Westbound Corner Of Page St.),0,0,0,40,0,37.412150,-79.166352
Saturday,1A,Outbound,786253,57,Page St. (Northbound Corner Of Atherholt Rd.),0,0,0,40,0,37.413341,-79.169678
Saturday,1A,Outbound,786255,58,Page St. (Westbound Past Atherholt Rd. Toward Lynchburg General Main Campus),0,0,0,40,0,37.413755,-79.170577
Saturday,1A,Outbound,786254,59,Page St. (Northbound Corner Of Tate Springs Rd.),0,0,0,39,0,37.414456,-79.171339
Saturday,1A,Outbound,786390,60,Thomson Dr. (Lynchburg General Hospital Main Stop),4,3,8,41,0,37.415886,-79.172484
Saturday,1A,Outbound,786383,61,Tate Springs Rd. (Westbound Corner Of Thomson Dr.),0,0,0,41,0,37.414386,-79.172054
Saturday,1A,Outbound,786381,62,Tate Springs Rd. (Westbound Central Virginia Physicians),1,0,2,42,0,37.413892,-79.173390
Saturday,1A,Outbound,786159,63,Langhorne. Sq. (Jefferson House),2,1,3,19,0,37.414597,-79.174826
Saturday,1A,Outbound,786382,63,Tate Springs Rd. (Westbound Corner Of Langhorne Sq.),1,2,3,41,0,37.413732,-79.174389
Saturday,1A,Outbound,786380,64,Tate Springs Rd. (Southbound Across St. From Landover Pl.),0,0,0,41,0,37.412712,-79.176684
Saturday,1A,Outbound,786379,65,Tate Springs Rd. (Southbound Across From Yorktown Ave.),0,0,1,41,0,37.412011,-79.177468
Saturday,1A,Outbound,786376,66,Tate Springs Rd. (Mcgurk House Stop),2,1,4,19,0,37.410183,-79.179814
Saturday,1A,Outbound,786377,67,Tate Springs Rd. (Northbound Before Holy Cross School),0,0,0,19,0,37.411292,-79.177939
Saturday,1A,Outbound,786474,68,Yorktown Ave. (Langview Apartments),1,1,2,42,0,37.411083,-79.175953
Saturday,1A,Outbound,786473,69,Yorktown Ave. (Langview Apartments Second Stop),3,2,5,44,0,37.410540,-79.174541
Saturday,1A,Outbound,786475,70,Yorktown Ave. (Westbound Corner Of Atherholt Rd.),0,0,0,44,0,37.410110,-79.173420
Saturday,1A,Outbound,785832,71,Atherholt Rd. (Westbound New Surgery Center),0,0,0,44,0,37.408498,-79.177082
Saturday,1A,Outbound,785827,72,Atherholt Rd. (Culdesac New Orthopedic Center),0,0,0,44,0,37.407781,-79.178222
Saturday,1A,Outbound,785830,73,Atherholt Rd. (Eastbound New Doctor"s Office Across From Surgery Center),0,0,0,44,0,37.408142,-79.177442
Saturday,1A,Outbound,785831,74,Atherholt Rd. (Eastbound New Doctor"s Office Next To Piedmont Eye Center),1,0,1,44,0,37.408985,-79.175899
Saturday,1A,Outbound,785828,75,Atherholt Rd. (Eastbound Across St. From Cvc Next To Lawyers Offices Parking Lot),2,1,3,45,0,37.410973,-79.171943
Saturday,1A,Outbound,786142,76,Langhorne Rd. (Eastbound Corner Of Carrington Rd.),1,1,2,45,0,37.410903,-79.168879
Saturday,1A,Outbound,786202,77,Murrell Rd. (Westbound Apartments Right Off Of Langhorne Rd.),1,0,1,46,0,37.409502,-79.168645
Saturday,1A,Outbound,786203,78,Murrell Rd. (Westbound Corner Of Carrington Rd. ),0,0,0,46,0,37.408459,-79.170083
Saturday,1A,Outbound,786204,79,Murrell Rd. (Westbound The Oaks Retirement Home),0,0,0,46,0,37.407676,-79.171139
Saturday,1A,Outbound,786199,80,Mid Plaza (Centra Lynchburg Family Medicine),17,13,31,45,1,37.405236,-79.171148
Saturday,1A,Outbound,786281,80,Plaza Transfer Center,11,12,23,49,0,37.404307,-79.168678
Saturday,1A,Outbound,3478096,81,Wadsworth St. Inbound (Park View United Methodist Church),4,2,6,50,0,37.402905,-79.166916
Saturday,1A,Outbound,786259,82,Park Ave. (Eastbound Corner Of Park Ln.),0,0,0,50,0,37.404255,-79.164761
Saturday,1A,Outbound,786260,83,Park Ave. (Eastbound Miller Park Stop),5,2,7,53,0,37.404398,-79.163188
Saturday,1A,Outbound,786257,84,Park Ave. (Eastbound Corner Of Hutters Alley),0,1,1,52,0,37.404850,-79.158885
Saturday,2,Outbound,785809,1,Kemper Street Transfer Center,26,13,39,60,0,37.408105,-79.157322
Saturday,2,Outbound,785903,2,Campbell Ave. (Eastbound Corner Of Twelfth St.),3,5,9,34,0,37.402699,-79.157658
Saturday,2,Outbound,785902,3,Campbell Ave. (Eastbound Corner Of Thirteenth St.),1,2,3,44,0,37.401594,-79.156549
Saturday,2,Outbound,785894,4,Campbell Ave. (Eastbound Corner Of Fourteenth St.),1,1,2,49,0,37.399987,-79.155084
Saturday,2,Outbound,785890,5,Campbell Ave. (Eastbound Corner Of Dewitt St.),0,1,1,48,0,37.395377,-79.150824
Saturday,2,Outbound,785892,6,Campbell Ave. (Eastbound Corner Of Edmunds St.),0,0,1,42,0,37.394153,-79.149678
Saturday,2,Outbound,3463384,7,Campbell Ave and Otey St West,1,0,1,43,0,37.393241,-79.148888
Saturday,2,Outbound,785899,8,Campbell Ave. (Eastbound Corner Of Otey St.),1,2,3,42,0,37.392111,-79.147895
Saturday,2,Outbound,785891,9,Campbell Ave. (Eastbound Corner Of Easley St.),2,6,8,38,0,37.389931,-79.147078
Saturday,2,Outbound,785893,10,Campbell Ave. (Eastbound Corner Of Fairview Ave.),2,1,2,40,0,37.388847,-79.145644
Saturday,2,Outbound,785896,11,Campbell Ave. (Eastbound Corner Of Kent St.),1,2,2,38,0,37.387086,-79.143220
Saturday,2,Outbound,785898,12,Campbell Ave. (Eastbound Corner Of Maryland Ave.),0,0,0,38,0,37.386172,-79.142009
Saturday,2,Outbound,785895,13,Campbell Ave. (Eastbound Corner Of Hanover St.),2,6,8,36,0,37.384153,-79.141685
Saturday,2,Outbound,785897,14,Campbell Ave. (Eastbound Corner Of King St.),0,0,0,36,0,37.382499,-79.140086
Saturday,2,Outbound,785900,15,Campbell Ave. (Eastbound Corner Of School Ln.),1,1,2,36,0,37.382135,-79.138651
Saturday,2,Outbound,785901,16,Campbell Ave. (Eastbound Corner Of South Durham St.),0,0,1,36,0,37.381553,-79.136871
Saturday,2,Outbound,786469,17,Woodrow St. (Outbound Corner Of Parkwood Ave.),0,0,0,8,0,37.379251,-79.136904
Saturday,2,Outbound,785904,17,Campbell Ave. (Eastbound Corner Of Woodrow St.),1,2,3,27,0,37.380926,-79.135383
Saturday,2,Outbound,786021,18,Florida Ave. (Northbound Corner Of Campbell Ave.),2,3,5,34,0,37.380066,-79.133869
Saturday,2,Outbound,786019,19,Florida Ave. (Northbound Across From Food Lion ),3,3,6,34,0,37.381523,-79.132867
Saturday,2,Outbound,786025,20,Florida Ave. (Northbound First Stop After Food Lion Stop),0,0,0,34,0,37.384833,-79.131944
Saturday,2,Outbound,786024,21,Florida Ave. (Northbound Corner Of Winston Ridge Rd.),0,0,0,34,0,37.387262,-79.131245
Saturday,2,Outbound,786020,22,Florida Ave. (Northbound Across From Gilmore Circle),0,1,1,33,0,37.389085,-79.132285
Saturday,2,Outbound,786022,23,Florida Ave. (Northbound Corner Of Greenfield Dr.),1,1,2,33,0,37.391382,-79.133470
Saturday,2,Outbound,786100,24,Greenfield Dr. (Outbound Greenfield Apartment Stop),16,10,26,40,0,37.392851,-79.131567
Saturday,2,Outbound,786027,25,Florida Ave. (Southbound Corner Of Elmhurst St.),1,1,2,41,0,37.390923,-79.133179
Saturday,2,Outbound,786028,26,Florida Ave. (Southbound Corner Of Gilmore Circle),0,0,0,41,0,37.389271,-79.132463
Saturday,2,Outbound,786026,27,Florida Ave. (Southbound Across From Winston Ridge Rd.),0,0,0,41,0,37.386948,-79.131311
Saturday,2,Outbound,786029,28,Florida Ave. (Southbound First Stop Past Bridge Over Tracks),0,0,0,41,0,37.384756,-79.132087
Saturday,2,Outbound,786031,29,Florida Ave. (Southbound In Front Of Food Lion),1,0,1,41,0,37.383503,-79.132457
Saturday,2,Outbound,786030,30,Florida Ave. (Southbound In Front Of Food Lion Closest To Campbell Ave.),1,3,4,39,0,37.381756,-79.132875
Saturday,2,Outbound,785918,31,Campbell Ave. (Westbound In Front Of Burger King),5,1,6,43,0,37.380984,-79.135026
Saturday,2,Outbound,785915,32,Campbell Ave. (Westbound Corner Of Texas Ave.),1,0,1,44,0,37.382270,-79.138505
Saturday,2,Outbound,785912,33,Campbell Ave. (Westbound Corner Of King St.),0,0,1,43,0,37.382689,-79.140141
Saturday,2,Outbound,785909,34,Campbell Ave. (Westbound Corner Of Georgia Ave.),5,1,6,46,0,37.383980,-79.141399
Saturday,2,Outbound,785905,35,Campbell Ave. (Inbound Corner Of Ridge Ave.),1,1,2,47,0,37.385467,-79.141463
Saturday,2,Outbound,785911,36,Campbell Ave. (Westbound Corner Of Idaho Ave.),0,1,1,46,0,37.387119,-79.142925
Saturday,2,Outbound,785910,37,Campbell Ave. (Westbound Corner Of Hughes Ave.),2,0,2,48,0,37.388493,-79.144861
Saturday,2,Outbound,785908,38,Campbell Ave. (Westbound Corner Of Easley St.),4,0,4,51,0,37.389847,-79.146703
Saturday,2,Outbound,785913,39,Campbell Ave. (Westbound Corner Of Mosby Ave.),1,0,1,52,0,37.391649,-79.147458
Saturday,2,Outbound,785914,40,Campbell Ave. (Westbound Corner Of Otey St.),1,1,1,52,0,37.392898,-79.148327
Saturday,2,Outbound,785907,41,Campbell Ave. (Westbound Corner Of Dewitt St.),0,0,0,52,0,37.395321,-79.150605
Saturday,2,Outbound,785917,42,Campbell Ave. (Westbound First Stop After Going Over Lynchburg Expressway Going Toward Twelfth St.),0,0,0,52,0,37.399656,-79.154582
Saturday,2,Outbound,785906,43,Campbell Ave. (Westbound Across From Thirteenth St.),1,0,1,52,0,37.401696,-79.156508
Saturday,2,Outbound,785916,44,Campbell Ave. (Westbound Corner Of Twelfth St.),1,2,3,44,0,37.403100,-79.158041
Saturday,2,Outbound,785882,45,Buchanon St. (Telephone Pole In Front Of Storage Facility),0,1,1,10,0,37.405919,-79.154946
Saturday,3A,Outbound,785809,1,Kemper Street Transfer Center,30,27,57,37,1,37.408105,-79.157322
Saturday,3B,Outbound,785809,1,Kemper Street Transfer Center,21,20,41,27,2,37.408105,-79.157322
Saturday,3A,Outbound,785882,2,Buchanon St. (Telephone Pole In Front Of Storage Facility),1,1,2,59,0,37.405919,-79.154946
Saturday,3B,Outbound,786265,2,Park Ave. (Outbound Corner Of Pierce St.),1,1,2,44,0,37.407252,-79.154834
Saturday,3A,Outbound,786411,3,Twelfth St. (Eastbound Corner Of Floyd St.),1,4,5,57,0,37.406336,-79.150814
Saturday,3B,Outbound,786264,3,Park Ave. (Northbound Corner Of Floyd St.),0,2,3,43,0,37.408991,-79.153702
Saturday,3A,Outbound,786413,4,Twelfth St. (Eastbound Corner Of Taylor St.),0,1,2,57,0,37.407311,-79.149054
Saturday,3B,Outbound,785987,4,Eighth Street (Outbound Corner Of Wise St.),0,0,1,42,0,37.410008,-79.153161
Saturday,3A,Outbound,786415,5,Twelfth St. (Outbound Across From Polk St.),0,1,1,56,0,37.408123,-79.147591
Saturday,3B,Outbound,785985,5,Eighth Street (Eastbound Corner Of Taylor St.),0,2,2,41,0,37.410523,-79.152229
Saturday,3A,Outbound,786412,6,Twelfth St. (Eastbound Corner Of Grace St.),1,5,6,52,0,37.410499,-79.143287
Saturday,3B,Outbound,785983,6,Eighth Street (Eastbound Corner Of Monroe St.),0,0,0,41,0,37.411023,-79.151329
Saturday,3A,Outbound,786410,7,Twelfth St. (Eastbound Corner Of Church St.),1,5,5,47,0,37.411594,-79.141431
Saturday,3B,Outbound,785984,7,Eighth Street (Eastbound Corner Of Polk St.),0,0,1,41,0,37.411555,-79.150402
Saturday,3A,Outbound,2505493,8,Downtown YMCA/Lighthouse Stop,0,1,1,45,0,37.410102,-79.139573
Saturday,3B,Outbound,785982,8,Eighth Street (Eastbound Corner Of Jackson St.),0,1,1,40,0,37.412065,-79.149463
Saturday,3A,Outbound,786173,9,Main St. (Corner Of Pearl St.),1,0,1,46,0,37.409636,-79.137567
Saturday,3B,Outbound,785981,9,Eighth Street (Eastbound Corner Of Harrison St.),1,2,3,40,0,37.413244,-79.147277
Saturday,3A,Outbound,786183,10,Main St. (Westbound Corner Of Washington St.),0,0,1,46,0,37.410470,-79.138284
Saturday,3B,Outbound,785986,10,Eighth Street (Outbound Corner Of Clay St.),0,3,4,37,0,37.414037,-79.145864
Saturday,3A,Outbound,786179,11,Main St. (Intersection Of 11Th St.),2,1,3,47,0,37.413529,-79.141033
Saturday,3B,Outbound,785957,11,Clay St. (Southbound Corner Of Ninth St.),0,1,1,36,0,37.413430,-79.145213
Saturday,3A,Outbound,2505491,12,Bank of the James,1,2,2,47,0,37.415565,-79.142795
Saturday,3B,Outbound,785956,12,Clay St. (Southbound Corner Of Eleventh St.),0,1,1,36,0,37.411789,-79.143719
Saturday,3A,Outbound,786174,13,7th St. & Main St.,3,2,5,48,0,37.417066,-79.144170
Saturday,3B,Outbound,786410,13,Twelfth St. (Eastbound Corner Of Church St.),3,6,9,33,0,37.411594,-79.141431
Saturday,3A,Outbound,785971,14,D St. (Northbound Right Off Of Rivermont At The Beginning Of The Bridge),0,0,0,48,0,37.421411,-79.148425
Saturday,3B,Outbound,786327,14,Rivermont Ave. (Westbound Corner Of Victoria Ave.),1,1,2,33,0,37.421498,-79.148986
Saturday,3A,Outbound,785970,15,D St. (Northbound Corner Of Cabell St.),1,1,2,48,0,37.422549,-79.146350
Saturday,3B,Outbound,786309,15,Rivermont Ave. (Outbound Corner Of Library St.),0,0,1,33,0,37.422294,-79.149995
Saturday,3A,Outbound,785887,16,Cabell St. (Corner Of G St.),0,0,0,48,0,37.424774,-79.147858
Saturday,3B,Outbound,786321,16,Rivermont Ave. (Westbound Corner Of Jones St.),0,0,0,33,0,37.423370,-79.151375
Saturday,3A,Outbound,785888,17,Cabell St. (Corner Of I St. Community Garden Stop),1,0,1,48,0,37.426674,-79.149081
Saturday,3B,Outbound,786326,17,Rivermont Ave. (Westbound Corner Of Victoria Ave. Across From J St.),1,2,3,32,0,37.425435,-79.152831
Saturday,3A,Outbound,785889,18,Cabell St. (Corner Of Rivermont Ave. Across From Miles Market),1,5,6,45,0,37.427328,-79.152466
Saturday,3B,Outbound,786325,18,Rivermont Ave. (Westbound Corner Of Randolph St.),0,2,2,31,0,37.426676,-79.153200
Saturday,3A,Outbound,785847,19,Bedford Ave. (Westbound In Front Of Rivermont Ave. Baptist Church),2,6,7,41,0,37.429125,-79.154901
Saturday,3B,Outbound,785889,19,Cabell St. (Corner Of Rivermont Ave. Across From Miles Market),0,0,0,31,0,37.427328,-79.152466
Saturday,3A,Outbound,785844,20,Bedford Ave. (Westbound Corner Of Dinwiddie St.),0,0,0,41,0,37.429716,-79.156471
Saturday,3B,Outbound,786315,20,Rivermont Ave. (Westbound Corner Of Bedford Ave.),1,2,3,30,0,37.428886,-79.153845
Saturday,3A,Outbound,785845,21,Bedford Ave. (Westbound Corner Of Grayson St.),1,4,5,37,0,37.430831,-79.159469
Saturday,3B,Outbound,786316,21,Rivermont Ave. (Westbound Corner Of Charlotte St.),0,0,0,30,0,37.429711,-79.154095
Saturday,3A,Outbound,785846,22,Bedford Ave. (Westbound Corner Of Hawes St.),0,2,2,36,0,37.432150,-79.162145
Saturday,3B,Outbound,786310,22,Rivermont Ave. (Outbound Corner Of Woodson Ln.),1,1,1,30,0,37.431632,-79.155261
Saturday,3A,Outbound,785843,23,Bedford Ave. (Westbound Corner Of Cork St.),0,1,1,34,0,37.433145,-79.163868
Saturday,3B,Outbound,786318,23,Rivermont Ave. (Westbound Corner Of Easton Ave.),0,1,2,29,0,37.432513,-79.156800
Saturday,3A,Outbound,785841,24,Bedford Ave. (Westbound Across From Cleveland Ave.),1,5,6,31,0,37.434465,-79.166442
Saturday,3B,Outbound,786319,24,Rivermont Ave. (Westbound Corner Of Fredonia Ave.),0,1,1,28,0,37.433186,-79.158032
Saturday,3A,Outbound,786331,25,Rivermont Ave. (Westbound In Front Of Magnolia Foods),0,1,2,30,0,37.435049,-79.169815
Saturday,3B,Outbound,786311,25,Rivermont Ave. (Westbound Across From Holly St.),1,1,2,29,0,37.433728,-79.159018
Saturday,3A,Outbound,786332,26,Rivermont Ave. (Westbound In Front Of Randolph College),0,0,1,30,0,37.435276,-79.171641
Saturday,3B,Outbound,786320,26,Rivermont Ave. (Westbound Corner Of Huron Ave.),0,0,1,29,0,37.434493,-79.160435
Saturday,3A,Outbound,786334,27,Rivermont Ave. (Westbound Randolph College Entrance),0,0,1,30,0,37.436876,-79.173597
Saturday,3B,Outbound,786308,27,Rivermont Ave. (Outbound Corner Of Irvington St.),0,0,1,29,0,37.434982,-79.161333
Saturday,3A,Outbound,786328,28,Rivermont Ave. (Westbound Corner Of West Princeton Cir.),0,0,0,30,0,37.437441,-79.174849
Saturday,3B,Outbound,786314,28,Rivermont Ave. (Westbound Corner Of Ash St.),1,1,2,29,0,37.436160,-79.163484
Saturday,3A,Outbound,786333,29,Rivermont Ave. (Westbound In Front Of Woodstock Apartments),0,1,1,29,0,37.438091,-79.177251
Saturday,3B,Outbound,786329,29,Rivermont Ave. (Westbound Entrance Of Riverside Park),0,0,0,29,0,37.436906,-79.165061
Saturday,3A,Outbound,3463385,30,Rivemont and Vista,0,0,0,29,0,37.438802,-79.178632
Saturday,3B,Outbound,786317,30,Rivermont Ave. (Westbound Corner Of Columbia Ave.),1,1,2,28,0,37.436984,-79.166124
Saturday,3A,Outbound,786322,31,Rivermont Ave. (Westbound Corner Of Langhorne Rd.),0,0,0,29,0,37.439141,-79.181775
Saturday,3B,Outbound,786331,31,Rivermont Ave. (Westbound In Front Of Magnolia Foods),1,1,2,28,0,37.435049,-79.169815
Saturday,3A,Outbound,786330,32,Rivermont Ave. (Westbound First Stop Past Pershing Ave.),0,0,0,29,0,37.439507,-79.183233
Saturday,3B,Outbound,786332,32,Rivermont Ave. (Westbound In Front Of Randolph College),0,0,1,28,0,37.435276,-79.171641
Saturday,3A,Outbound,786312,33,Rivermont Ave. (Westbound Across From Rivermont Terrace),0,0,0,29,0,37.439621,-79.184942
Saturday,3B,Outbound,786334,33,Rivermont Ave. (Westbound Randolph College Entrance),0,1,1,27,0,37.436876,-79.173597
Saturday,3A,Outbound,786323,34,Rivermont Ave. (Westbound Corner Of Lee Cir.),0,0,0,29,0,37.439621,-79.186148
Saturday,3B,Outbound,786328,34,Rivermont Ave. (Westbound Corner Of West Princeton Cir.),0,0,0,27,0,37.437441,-79.174849
Saturday,3A,Outbound,786313,35,Rivermont Ave. (Westbound Across From Virginia Baptist Hopital),1,2,3,28,0,37.439333,-79.187651
Saturday,3B,Outbound,786333,35,Rivermont Ave. (Westbound In Front Of Woodstock Apartments),0,0,0,27,0,37.438091,-79.177251
Saturday,3A,Outbound,786324,36,Rivermont Ave. (Westbound Corner Of Oakwood Pl.),0,1,1,27,0,37.439364,-79.189487
Saturday,3B,Outbound,786322,36,Rivermont Ave. (Westbound Corner Of Langhorne Rd.),0,0,0,27,0,37.439141,-79.181775
Saturday,3A,Outbound,786424,37,Ves Rd. (Northbound Corner Of Pine Dr.),0,0,0,27,0,37.446771,-79.188533
Saturday,3B,Outbound,786330,37,Rivermont Ave. (Westbound First Stop Past Pershing Ave.),0,0,0,27,0,37.439507,-79.183233
Saturday,3A,Outbound,786423,38,Ves Rd. (Northbound Across From Westminster Nursing Home),1,1,2,27,0,37.450501,-79.189963
Saturday,3B,Outbound,786312,38,Rivermont Ave. (Westbound Across From Rivermont Terrace),0,0,0,27,0,37.439621,-79.184942
Saturday,3A,Outbound,786422,39,Ves Rd. (Northbound Across From Ves School Entrance),1,1,1,27,0,37.452404,-79.190077
Saturday,3B,Outbound,786323,39,Rivermont Ave. (Westbound Corner Of Lee Cir.),0,0,0,27,0,37.439621,-79.186148
Saturday,3A,Outbound,786342,40,Ruesens Rd. (Outbound Maple Ridge Apartments),1,0,1,2,0,37.450915,-79.182958
Saturday,3B,Outbound,786313,40,Rivermont Ave. (Westbound Across From Virginia Baptist Hopital),1,0,1,28,0,37.439333,-79.187651
Saturday,3A,Outbound,786426,41,Ves Rd. (Southbound Corner Of Ves School),0,0,0,27,0,37.452831,-79.189636
Saturday,3B,Outbound,786324,41,Rivermont Ave. (Westbound Corner Of Oakwood Pl.),0,0,1,28,0,37.439364,-79.189487
Saturday,3A,Outbound,786427,42,Ves Rd. (Southbound Corner Of Westminster Nursing Home),0,0,0,27,0,37.450494,-79.190094
Saturday,3B,Outbound,785865,42,Boonsboro Rd. (Outbound Across From Kroger),1,2,3,2,0,37.443456,-79.202419
Saturday,3A,Outbound,786425,43,Ves Rd. (Southbound Across From Pine Dr.),5,4,9,28,0,37.446986,-79.188692
Saturday,3A,Outbound,786428,44,Ves Rd. (Southbound Corner of Peakland Pl.),0,0,0,28,0,37.439785,-79.190646
Saturday,3A,Outbound,786291,45,Rivermont Ave. (Eastbound Across From Ves Rd.),1,0,1,29,0,37.439248,-79.190340
Saturday,3A,Outbound,786306,46,Rivermont Ave. (Eastbound In Front Of Virginia Baptist Hospital),1,0,2,30,0,37.439178,-79.187541
Saturday,3B,Outbound,785868,46,Boonsboro Rd. (Westbound Corner Of Gorman Dr.),0,0,0,1,0,37.444242,-79.209903
Saturday,3A,Outbound,786302,47,Rivermont Ave. (Eastbound Corner Of Rivermont Terrace),0,0,0,30,0,37.439453,-79.184697
Saturday,3B,Outbound,785866,47,Boonsboro Rd. (Westbound Across From Mimosa Dr.),0,0,0,2,0,37.444210,-79.211726
Saturday,3A,Outbound,786305,48,Rivermont Ave. (Eastbound In Front First Christian Church),0,0,0,30,0,37.439298,-79.182958
Saturday,3A,Outbound,786300,49,Rivermont Ave. (Eastbound Corner Of Langhorne Rd.),1,0,1,31,0,37.438941,-79.181635
Saturday,3A,Outbound,786292,50,Rivermont Ave. (Eastbound Across From Vista Ave.),1,0,1,31,0,37.438692,-79.178641
Saturday,3B,Outbound,785851,50,Boonsboro Rd. (Boonsboro Shopping Center Stop),7,4,11,6,0,37.447050,-79.218892
Saturday,3A,Outbound,786303,51,Rivermont Ave. (Eastbound Corner Of Rowland Dr.),0,0,0,31,0,37.437889,-79.177237
Saturday,3B,Outbound,785863,51,Boonsboro Rd. (Eastbound Starbucks Stop),0,0,0,5,0,37.447114,-79.217286
Saturday,3A,Outbound,786295,52,Rivermont Ave. (Eastbound Corner Of Belvedere St.),0,0,0,31,0,37.437283,-79.174598
Saturday,3B,Outbound,785856,52,Boonsboro Rd. (Eastbound Corner Of Cantebury Court),0,0,0,1,0,37.446250,-79.215751
Saturday,3A,Outbound,786304,53,Rivermont Ave. (Eastbound Corner Of South Princeton Cir.),1,0,1,31,0,37.436634,-79.173568
Saturday,3B,Outbound,785854,53,Boonsboro Rd. (Eastbound Boonsboro Village),0,0,0,1,0,37.445301,-79.214059
Saturday,3A,Outbound,786293,54,Rivermont Ave. (Eastbound Corner Of Arrington St.),0,0,0,31,0,37.435706,-79.172485
Saturday,3B,Outbound,785860,54,Boonsboro Rd. (Eastbound Corner Of Mimosa Dr.),0,0,0,1,0,37.444128,-79.211890
Saturday,3A,Outbound,786301,55,Rivermont Ave. (Eastbound Corner Of Norfolk Ave.),0,0,1,31,0,37.435065,-79.171622
Saturday,3B,Outbound,785853,55,Boonsboro Rd. (Eastbound Across From Greenway Court),0,0,0,1,0,37.444457,-79.208043
Saturday,3A,Outbound,786299,56,Rivermont Ave. (Eastbound Corner Of Elmwood Ave.),1,1,2,31,0,37.434829,-79.170173
Saturday,3B,Outbound,785852,56,Boonsboro Rd. (Eastbound Across From Greenway Court Second Stop),0,0,0,1,0,37.444617,-79.206729
Saturday,3A,Outbound,785834,57,Bedford Ave. (Eastbound 7Eleven),1,0,1,32,0,37.434794,-79.167574
Saturday,3B,Outbound,785862,57,Boonsboro Rd. (Eastbound Kroger Stop.),0,0,0,1,0,37.443581,-79.203015
Saturday,3A,Outbound,785839,58,Bedford Ave. (Eastbound Transfer Point),5,1,6,36,0,37.434273,-79.166391
Saturday,3B,Outbound,785857,58,Boonsboro Rd. (Eastbound Corner Of Clayton Ave.),0,0,0,1,0,37.443044,-79.201762
Saturday,3A,Outbound,785835,59,Bedford Ave. (Eastbound Corner Of Birch St.),0,0,0,36,0,37.433523,-79.164778
Saturday,3B,Outbound,785858,59,Boonsboro Rd. (Eastbound Corner Of Linden Ave.),0,0,0,1,0,37.442452,-79.200404
Saturday,3A,Outbound,785838,60,Bedford Ave. (Eastbound Corner Of Loudon St.),2,0,2,38,0,37.432214,-79.162509
Saturday,3B,Outbound,785864,60,Boonsboro Rd. (Inbound Corner Of Somerset Dr.),0,0,0,1,0,37.441757,-79.198797
Saturday,3A,Outbound,785837,61,Bedford Ave. (Eastbound Corner Of Holly St.),2,1,3,39,0,37.431107,-79.160513
Saturday,3B,Outbound,785861,61,Boonsboro Rd. (Eastbound Corner Of Parkland Dr.),0,0,0,5,0,37.441312,-79.197759
Saturday,3A,Outbound,785836,62,Bedford Ave. (Eastbound Corner Of Fauquier St.),3,0,3,42,0,37.430288,-79.158345
Saturday,3B,Outbound,785855,62,Boonsboro Rd. (Eastbound Corner Of Arrow St.),0,0,0,5,0,37.441082,-79.196235
Saturday,3A,Outbound,785840,63,Bedford Ave. (Inbound Corner Of Dinwiddie St.),1,0,1,44,0,37.429328,-79.155818
Saturday,3B,Outbound,785859,63,Boonsboro Rd. (Eastbound Corner Of Link Rd.),0,0,0,29,0,37.439716,-79.193202
Saturday,3A,Outbound,3463386,64,Bedford Ave and Rivermont Ave,1,1,2,44,0,37.428818,-79.154448
Saturday,3B,Outbound,786291,64,Rivermont Ave. (Eastbound Across From Ves Rd.),1,0,1,30,0,37.439248,-79.190340
Saturday,3A,Outbound,786297,65,Rivermont Ave. (Eastbound Corner Of Cabell St.),5,1,6,49,0,37.427795,-79.153720
Saturday,3B,Outbound,786306,65,Rivermont Ave. (Eastbound In Front Of Virginia Baptist Hospital),1,1,2,30,0,37.439178,-79.187541
Saturday,3A,Outbound,786296,66,Rivermont Ave. (Eastbound Corner Of Byrd St.),2,0,2,50,0,37.426300,-79.153270
Saturday,3B,Outbound,786302,66,Rivermont Ave. (Eastbound Corner Of Rivermont Terrace),0,0,0,30,0,37.439453,-79.184697
Saturday,3A,Outbound,786294,67,Rivermont Ave. (Eastbound Corner Of Belmont St.),3,2,5,52,0,37.424684,-79.152803
Saturday,3B,Outbound,786305,67,Rivermont Ave. (Eastbound In Front First Christian Church),0,0,0,30,0,37.439298,-79.182958
Saturday,3A,Outbound,786290,68,Rivermont Ave. (Eastbound Across From Library St.),0,0,0,52,0,37.422250,-79.150289
Saturday,3B,Outbound,786300,68,Rivermont Ave. (Eastbound Corner Of Langhorne Rd.),0,0,1,30,0,37.438941,-79.181635
Saturday,3A,Outbound,786298,69,Rivermont Ave. (Eastbound Corner Of D St.),0,0,1,52,0,37.421205,-79.148974
Saturday,3B,Outbound,786292,69,Rivermont Ave. (Eastbound Across From Vista Ave.),0,0,0,30,0,37.438692,-79.178641
Saturday,3A,Outbound,786417,70,Twelfth St. (Westbound Corner Of Clay St.),16,6,21,64,0,37.411059,-79.142619
Saturday,3B,Outbound,786303,70,Rivermont Ave. (Eastbound Corner Of Rowland Dr.),0,0,0,30,0,37.437889,-79.177237
Saturday,3A,Outbound,786419,71,Twelfth St. (Westbound Corner Of Polk St.),0,0,0,64,0,37.408214,-79.147688
Saturday,3B,Outbound,786295,71,Rivermont Ave. (Eastbound Corner Of Belvedere St.),0,0,0,30,0,37.437283,-79.174598
Saturday,3A,Outbound,786420,72,Twelfth St. (Westbound Corner Of Taylor St.),2,1,3,64,0,37.407209,-79.149491
Saturday,3B,Outbound,786304,72,Rivermont Ave. (Eastbound Corner Of South Princeton Cir.),0,0,1,30,0,37.436634,-79.173568
Saturday,3A,Outbound,786418,73,Twelfth St. (Westbound Corner Of Floyd St.),2,3,4,63,0,37.406379,-79.150981
Saturday,3B,Outbound,786293,73,Rivermont Ave. (Eastbound Corner Of Arrington St.),0,0,1,30,0,37.435706,-79.172485
Saturday,3A,Outbound,785881,74,Buchanan and 12th St,0,0,0,63,0,37.404911,-79.153894
Saturday,3B,Outbound,786301,74,Rivermont Ave. (Eastbound Corner Of Norfolk Ave.),0,0,0,30,0,37.435065,-79.171622
Saturday,3A,Outbound,3463387,75,Buchanan and 11th St,1,2,3,62,0,37.405899,-79.154706
Saturday,3B,Outbound,786299,75,Rivermont Ave. (Eastbound Corner Of Elmwood Ave.),1,0,2,31,0,37.434829,-79.170173
Saturday,3B,Outbound,786307,76,Rivermont Ave. (Inbound Corner Of Bedford Ave.),0,0,1,31,0,37.435601,-79.168595
Saturday,3B,Outbound,786335,77,Rivermont Avenue (Eastbound Across From Riverside Park),1,1,2,31,0,37.436338,-79.164224
Saturday,3B,Outbound,786338,78,Rivermont Avenue (Eastbound Corner Of Loudon Street),2,1,3,32,0,37.434960,-79.161714
Saturday,3B,Outbound,786337,79,Rivermont Avenue (Eastbound Corner Of Holly Street),2,1,3,33,0,37.433721,-79.159427
Saturday,3B,Outbound,786336,80,Rivermont Avenue (Eastbound Corner Of Faquier Street),3,1,4,34,0,37.432442,-79.157041
Saturday,3B,Outbound,786339,81,Rivermont Avenue (Eastbound Corner Of Ruffner Place),0,0,0,34,0,37.429494,-79.154290
Saturday,3B,Outbound,786297,82,Rivermont Ave. (Eastbound Corner Of Cabell St.),4,1,5,37,0,37.427795,-79.153720
Saturday,3B,Outbound,786296,83,Rivermont Ave. (Eastbound Corner Of Byrd St.),1,0,1,37,0,37.426300,-79.153270
Saturday,3B,Outbound,786294,84,Rivermont Ave. (Eastbound Corner Of Belmont St.),1,1,3,37,0,37.424684,-79.152803
Saturday,3B,Outbound,786290,85,Rivermont Ave. (Eastbound Across From Library St.),0,0,0,37,0,37.422250,-79.150289
Saturday,3B,Outbound,786298,86,Rivermont Ave. (Eastbound Corner Of D St.),0,0,0,37,0,37.421205,-79.148974
Saturday,3B,Outbound,785950,87,Church St. (Corner Of Sixth St.),1,2,4,37,0,37.416546,-79.145244
Saturday,3B,Outbound,785949,88,Church St. (Corner Of Eighth St.),0,0,0,37,0,37.415512,-79.144244
Saturday,3B,Outbound,785951,89,Church St. (Corner Of Tenth St.),2,2,4,37,0,37.413593,-79.142607
Saturday,3B,Outbound,786414,90,Twelfth St. (Inbound Corner Of Court St.),0,0,0,37,0,37.411625,-79.141626
Saturday,3B,Outbound,786417,91,Twelfth St. (Westbound Corner Of Clay St.),4,1,5,39,0,37.411059,-79.142619
Saturday,3B,Outbound,785955,92,Clay St. (Northbound Corner Of Eleventh St.),6,1,7,44,0,37.411561,-79.143344
Saturday,3B,Outbound,785954,93,Clay St. (Northbound Corner Of Tenth St.),0,0,0,43,0,37.412440,-79.144148
Saturday,3B,Outbound,785953,94,Clay St. (Northbound Corner Of Ninth St.),0,0,0,44,0,37.413256,-79.144867
Saturday,3B,Outbound,785952,95,Clay St. (Inbound Corner Of Eighth St.),0,0,0,44,0,37.414000,-79.145564
Saturday,3B,Outbound,785977,96,Eighth St. (Westbound Corner Of Madison St.),1,0,1,45,0,37.413746,-79.146609
Saturday,3B,Outbound,785976,97,Eighth St. (Westbound Corner Of Federal St.),2,1,3,46,0,37.412747,-79.148398
Saturday,3B,Outbound,785975,98,Eighth St. (Inbound Corner Of Jackson St.),2,1,3,46,0,37.412206,-79.149376
Saturday,3B,Outbound,785979,99,Eighth St. (Westbound Corner Of Polk St.),0,0,1,46,0,37.411524,-79.150590
Saturday,3B,Outbound,785980,100,Eighth St. (Westbound Corner Of Taylor St.),1,0,1,47,0,37.410508,-79.152408
Saturday,3B,Outbound,786261,101,Park Ave. (Inbound Corner Of Floyd St.),1,3,3,45,0,37.408958,-79.153882
Saturday,3B,Outbound,786266,102,Park Ave. (Southbound Corner Of Pierce St.),0,0,0,45,0,37.407270,-79.154971
Saturday,3B,Outbound,785882,103,Buchanon St. (Telephone Pole In Front Of Storage Facility),0,0,0,1,0,37.405919,-79.154946
Saturday,4,Outbound,785809,1,Kemper Street Transfer Center,49,40,89,69,2,37.408105,-79.157322
Saturday,4,Outbound,786263,2,Buchanan St. ( Outbound From The Transfer Station),18,14,32,105,0,37.407462,-79.156373
Saturday,4,Outbound,786275,3,Park Avenue And Langhorne Road (Westbound),8,2,10,110,0,37.403231,-79.158753
Saturday,4,Outbound,786273,4,Fort Ave. & Marsh St. ( Outbound),1,1,2,111,0,37.401933,-79.160084
Saturday,4,Outbound,786034,5,Fort Ave (Westbound Auto Zone Across From Thurman Avenue),2,0,3,113,0,37.399769,-79.162296
Saturday,4,Outbound,786060,6,Fort Ave. (Westbound Across From Spring Hill City Cemetary),2,0,2,114,0,37.397714,-79.164469
Saturday,4,Outbound,786061,7,Fort Ave. (Westbound Before East Grand Ave.),1,2,3,114,0,37.394340,-79.168018
Saturday,4,Outbound,786064,8,Fort Ave. (Westbound East Grand Ave.),1,1,2,114,0,37.393207,-79.169210
Saturday,4,Outbound,786059,9,Fort Ave. (Westbound Across From Rutherford St.),2,1,4,115,0,37.391759,-79.170773
Saturday,4,Outbound,786070,10,Fort Ave. (Westbound Oakridge Blvd.),4,1,5,118,0,37.390478,-79.172119
Saturday,4,Outbound,786073,11,Fort Ave. (Westbound Vermont Ave.),1,0,1,119,0,37.389327,-79.173353
Saturday,4,Outbound,786069,12,Fort Ave. (Westbound New Hampshire Ave.),1,0,1,119,0,37.386106,-79.176666
Saturday,4,Outbound,786062,13,Fort Ave. (Westbound Biltmore Ave.),0,0,1,119,0,37.385359,-79.177495
Saturday,4,Outbound,786067,14,Fort Ave. (Westbound Johnson Rd.),1,0,1,120,0,37.382330,-79.180732
Saturday,4,Outbound,786072,15,Fort Ave. (Westbound Tolley"s" Ln.),0,0,1,119,0,37.380894,-79.181999
Saturday,4,Outbound,786071,16,Fort Ave. (Westbound Toledo Ave.),0,0,1,119,0,37.379950,-79.182821
Saturday,4,Outbound,786068,17,Fort Ave. (Westbound Lindsay St.),0,0,0,119,0,37.378006,-79.184524
Saturday,4,Outbound,786063,18,Fort Ave. (Westbound Chesnut Hill Dr.),1,4,5,116,0,37.377190,-79.185278
Saturday,4,Outbound,786456,19,Wards Rd. (Southbound Fort Ave. Split In Front Of Cvs),2,12,13,107,0,37.375197,-79.185688
Saturday,4,Outbound,786460,20,Wards Rd. (Southbound White Oak Dr.),1,4,5,103,0,37.374233,-79.185240
Saturday,4,Outbound,786459,21,Wards Rd. (Southbound Wendy"s Across From Burlington Coat Factory),2,3,5,102,0,37.373548,-79.184915
Saturday,4,Outbound,786455,22,Wards Rd. (Southbound Edgewood Ave.),2,5,7,98,0,37.371995,-79.184226
Saturday,4,Outbound,786458,23,Wards Rd. (Southbound Sheffield Dr.),2,7,9,93,0,37.370539,-79.183753
Saturday,4,Outbound,786453,24,Wards Rd. (Southbound Big-K),3,2,4,94,0,37.368376,-79.183175
Saturday,4,Outbound,786454,25,Wards Rd. (Southbound Carpetland),0,4,4,91,0,37.366862,-79.182753
Saturday,4,Outbound,786457,26,Wards Rd. (Southbound Infinity Tatoo),8,21,29,77,0,37.363865,-79.181998
Saturday,4,Outbound,786288,27,River Ridge Mall Stop,18,8,26,87,0,37.363409,-79.180246
Saturday,4,Outbound,786287,28,River Ridge Mall (Southbound From Red Lobster),0,2,3,75,0,37.365886,-79.174775
Saturday,4,Outbound,786286,29,River Ridge Mall (Exit Onto Candlers Mt. Rd. Past Red Lobster),0,1,1,74,0,37.366525,-79.174229
Saturday,4,Outbound,785919,30,Candler"s Mt. Rd. (Southbound Beginning Of Trbc Parking Lot),0,1,1,74,0,37.363571,-79.171497
Saturday,4,Outbound,785922,31,Candlers Mt. Rd. (Southbound Parking Lot Of Trbc),0,1,1,74,0,37.362139,-79.171636
Saturday,4,Outbound,785923,32,Candlers Station Shopping Center,1,2,3,73,0,37.360604,-79.169503
Saturday,4,Outbound,785925,33,Candlers Station Shopping Center (Dollar Movie Theater),0,2,2,72,0,37.358949,-79.169626
Saturday,4,Outbound,785926,34,Candlers Station Shopping Center (Exiting Onto Candlers Mt. Rd.),1,2,3,71,0,37.358164,-79.170537
Saturday,4,Outbound,786166,35,Liberty University- Green Hall Transfer Station,6,7,13,74,0,37.356757,-79.174200
Saturday,4,Outbound,785969,36,Cvcc Campus Main Stop (2 Shleters),3,7,11,66,0,37.358842,-79.183360
Saturday,4,Outbound,786461,37,Wards Rd. (Walmart Parking Lot),26,22,48,71,0,37.352571,-79.184902
Saturday,4,Outbound,785833,38,Atlanta Ave. (Corner Of Wards Rd. In Front Of Orek Vacuum Store),3,5,9,69,0,37.349571,-79.186832
Saturday,4,Outbound,786372,39,Target On Wards Rd,9,7,16,72,0,37.345073,-79.190896
Saturday,4,Outbound,786351,40,Simons Run Rd. (Westbound Kohls Bus Stop),4,5,10,72,0,37.342561,-79.194461
Saturday,4,Outbound,786350,41,Simons Run Rd. (Across From Kohls Shopping Center Parking Lot),2,3,5,71,0,37.342719,-79.191476
Saturday,4,Outbound,786172,42,Lynchburg Regional Airport (Terminal Drive),1,1,2,4,0,37.330331,-79.193355
Saturday,4,Outbound,786450,43,Wards Rd. (Northbound Spring Hill Suites),1,1,2,16,0,37.335006,-79.191527
Saturday,4,Outbound,786446,44,Wards Rd. (Northbound Hilton Garden Inn),1,1,2,71,0,37.345352,-79.187861
Saturday,4,Outbound,786444,45,Wards Rd. (Northbound Chick Fil-A),3,3,6,72,0,37.348525,-79.185966
Saturday,4,Outbound,786451,46,Wards Rd. (Northbound Starbucks),3,1,3,74,0,37.351508,-79.184180
Saturday,4,Outbound,786449,47,Wards Rd. (Northbound Sonic Burger),2,0,3,76,0,37.352679,-79.183485
Saturday,4,Outbound,785924,49,Candlers Station Shopping Center (Dollar Movie Parking Lot),3,1,4,82,0,37.358636,-79.169631
Saturday,4,Outbound,785927,50,Candlers Station Shopping Center (In Parking Lot),1,0,1,82,0,37.360942,-79.169413
Saturday,4,Outbound,785920,51,Candlers Mountain Rd. (Northbound Applebee"s),1,1,2,80,0,37.362283,-79.171467
Saturday,4,Outbound,786289,52,River Ridge Mall. (Northbound From Red Lobster),2,1,3,81,0,37.365863,-79.174934
Saturday,4,Outbound,786445,54,Wards Rd. (Northbound Goodwill Seminole Ave.),5,1,6,101,0,37.367445,-79.182678
Saturday,4,Outbound,786447,55,Wards Rd. (Northbound In Front Of "Cash Loans On Car Titles"),2,1,4,102,0,37.368960,-79.183110
Saturday,4,Outbound,786448,56,Wards Rd. (Northbound Koto Japanese Steakhouse),2,1,3,103,0,37.371545,-79.183811
Saturday,4,Outbound,786443,57,Wards Rd. (Northbound Burlington Coat Factory),19,3,22,119,0,37.373727,-79.184725
Saturday,4,Outbound,786452,58,Wards Rd. (Northbound Walgreens At Convergance Of Wards Rd And Fort Ave),8,2,10,125,0,37.375681,-79.185587
Saturday,4,Outbound,786048,59,Fort Ave. (Northbound Before Lindsay St.),3,1,4,128,0,37.377565,-79.184667
Saturday,4,Outbound,786049,60,Fort Ave. (Northbound Before Mckinney Ave.),1,0,1,128,0,37.380018,-79.182553
Saturday,4,Outbound,786044,61,Fort Ave. (Northbound Across From Fire And Rescue Station #3),0,0,0,128,0,37.381335,-79.181396
Saturday,4,Outbound,786050,62,Fort Ave. (Northbound Chesnut Hill United Methodist Church),0,0,0,128,0,37.382461,-79.180412
Saturday,4,Outbound,786047,63,Fort Ave. (Northbound After Harding St.),0,0,1,128,0,37.384581,-79.178161
Saturday,4,Outbound,786053,64,Fort Ave. (Northbound Liggates Rd.),0,1,1,128,0,37.386426,-79.176029
Saturday,4,Outbound,786045,65,Fort Ave. (Northbound Addison St.),0,0,0,128,0,37.387635,-79.174796
Saturday,4,Outbound,786054,66,Fort Ave. (Northbound Novell St.),0,1,1,127,0,37.389190,-79.173270
Saturday,4,Outbound,786046,67,Fort Ave. (Northbound After Edley Pl. Split Of Fort Ave. And Memorial Ave.),4,5,8,126,0,37.390551,-79.171877
Saturday,4,Outbound,786055,68,Fort Ave. (Northbound Rutherford St.),1,1,2,126,0,37.391755,-79.170570
Saturday,4,Outbound,786051,69,Fort Ave. (Northbound Englewood St.),2,1,4,126,0,37.392820,-79.169446
Saturday,4,Outbound,786052,70,Fort Ave. (Northbound First City Stadium Stop Across From East Grand Ave.),0,0,0,126,0,37.393440,-79.168768
Saturday,4,Outbound,786056,71,Fort Ave. (Northbound Second City Stadium Stop),1,4,4,124,0,37.394367,-79.167788
Saturday,4,Outbound,786041,72,Fort Ave. (Eastbound Spring Hill Cemetary Lancaster St.),1,1,1,124,0,37.397536,-79.164467
Saturday,4,Outbound,786043,73,Fort Ave. (Northbound Across From Auto Zone),1,2,2,122,0,37.399398,-79.162488
Saturday,4,Outbound,786272,74,Park Avenue And 12th Street,1,5,6,118,0,37.400946,-79.160843
Saturday,4,Outbound,785810,75,Fort Ave. & Campbell Ave. (Inbound),1,12,14,106,0,37.403152,-79.158606
Saturday,8,Outbound,786263,2,Buchanan St. ( Outbound From The Transfer Station),1,1,2,74,0,37.407462,-79.156373
Saturday,8,Outbound,786271,3,Park Ave. (Westbound Place Stop Across From Corner Of Hutters Alley),3,2,5,76,0,37.404998,-79.158731
Saturday,8,Outbound,786158,4,Langhorne Rd. (WestboundCorner Of Miller Dr.),0,0,1,77,0,37.408374,-79.164310
Saturday,8,Outbound,4148394,4,LANGHORNE RD. & KINGSTON AVE,1,1,2,75,0,37.40604,-79.16072
Saturday,8,Outbound,786152,5,Langhorne Rd. (Westbound Corner Of 3Rd St.),1,0,1,77,0,37.409030,-79.165405
Saturday,8,Outbound,786154,6,Langhorne Rd. (Westbound Corner Of Hillcrest Ave.),1,1,2,77,0,37.410834,-79.168228
Saturday,8,Outbound,786155,7,Langhorne Rd. (Westbound Corner Of Middlesex Ave.),0,0,0,77,0,37.411285,-79.169411
Saturday,8,Outbound,786157,8,Langhorne Rd. (Westbound Stop Before Intersection With Atherholt Rd.),0,2,2,75,0,37.411615,-79.170223
Saturday,8,Outbound,786151,9,Langhorne Rd. (Westbound Across Street From La Caretta,2,2,4,75,0,37.412769,-79.173164
Saturday,8,Outbound,786150,10,Langhorne Rd. (Westbound Across From Holy Cross School),1,1,3,75,0,37.413636,-79.177164
Saturday,8,Outbound,786153,11,Langhorne Rd. (Westbound Corner Of Clifton St.),0,0,1,75,0,37.413764,-79.179746
Saturday,8,Outbound,786149,12,Langhorne Rd. (Westbound Across From Avante Nursing And Rehab Center),0,3,3,73,0,37.413696,-79.182371
Saturday,8,Outbound,786156,13,Langhorne Rd. (Westbound Law Offices Across From Jewish Synagogue),1,2,3,72,0,37.413616,-79.184493
Saturday,8,Outbound,786102,15,Hill St. (Southbound Corner Of Langhorne Rd.),1,1,2,73,0,37.413177,-79.187677
Saturday,8,Outbound,786239,18,Old Forest Rd. (Westbound Corner Of Range St.),0,0,0,71,0,37.409279,-79.193171
Saturday,8,Outbound,3878403,18,HILL ST./ACROSS FROM CLEARBR,0,0,1,70,0,37.41087,-79.18718
Saturday,8,Outbound,786238,19,Old Forest Rd. (Westbound Corner Of Oak Hill Ave.),0,0,0,71,0,37.411008,-79.196110
Saturday,8,Outbound,3878401,19,OLD FOREST RD./ACROSS FROM K,1,1,1,70,0,37.40649,-79.18880
Saturday,8,Outbound,786233,20,Old Forest Rd. (Westbound Across From Legacy Oakes Pl.),0,0,0,71,0,37.412058,-79.199225
Saturday,8,Outbound,786234,21,Old Forest Rd. (Westbound Across From Poindexter St.),0,3,4,68,0,37.412662,-79.200494
Saturday,8,Outbound,785850,22,Birchwood Dr. (Norhtbound Corner Of Hill St.),2,3,5,80,0,37.411395,-79.187716
Saturday,8,Outbound,786167,22,Linkhorne Dr. (Westbound Across From West St.),0,1,1,68,0,37.415735,-79.204565
Saturday,8,Outbound,785849,23,Birchwood Dr. (Birchwood Apartments Stop),2,3,5,75,0,37.410975,-79.188760
Saturday,8,Outbound,786244,23,Old Forest Rd. (Westbound Intersection Of Link Rd.),0,1,2,66,0,37.414889,-79.207037
Saturday,8,Outbound,785809,24,Kemper Street Transfer Center,37,36,73,46,4,37.408105,-79.157322
Saturday,8,Outbound,785848,24,Birchwood Dr. (Birchwood Apartments Stop Ii),6,6,12,75,1,37.410546,-79.188727
Saturday,8,Outbound,786243,24,Old Forest Rd. (Westbound In Front Of Mcdonalds),2,2,4,66,0,37.414582,-79.208821
Saturday,8,Outbound,4148399,24,OLD FOREST RD./LYNCHBURG GYN,0,0,0,67,0,37.41515,-79.20287
Saturday,8,Outbound,786228,25,Old Forest Rd. (Outbound Corner Of Devonshire Rd.),0,1,1,66,0,37.414022,-79.210982
Saturday,8,Outbound,786231,26,Old Forest Rd. (Walmart Stop),34,29,63,62,1,37.410413,-79.210715
Saturday,8,Outbound,786232,27,Old Forest Rd. (Westbound Across From Biscuitville),2,3,5,43,0,37.410350,-79.213273
Saturday,8,Outbound,786230,28,Old Forest Rd. (Outbound Corner Of Timber Court),1,2,2,42,0,37.409351,-79.214888
Saturday,8,Outbound,786245,29,Old Forest Rd. (Westbound Sterling Park Apartments,0,0,1,42,0,37.408107,-79.217056
Saturday,8,Outbound,786241,30,Old Forest Rd. (Westbound Corner Of Wiggington Rd.),0,0,0,42,0,37.406005,-79.220061
Saturday,8,Outbound,786240,31,Old Forest Rd. (Westbound Corner Of Richeson Dr.),0,0,0,42,0,37.404125,-79.221179
Saturday,8,Outbound,786235,32,Old Forest Rd. (Westbound Corner Of Chapel Ln.),0,0,0,42,0,37.399879,-79.223555
Saturday,8,Outbound,2505501,33,Fresh Market 1,10,7,17,45,0,37.398419,-79.222558
Saturday,8,Outbound,786227,34,Old Forest Rd. (Northbound Right Before Left Hand Turn Onto Expressway),1,0,1,46,0,37.400262,-79.223123
Saturday,8,Outbound,786221,35,Old Forest Rd. (Northbound Corner Of Hollywood Dr.),0,0,0,46,0,37.405329,-79.220278
Saturday,8,Outbound,786219,36,Old Forest Rd. (Northbound Across From Timber Court),0,0,1,47,0,37.409035,-79.215135
Saturday,8,Outbound,786220,37,Old Forest Rd. (Northbound Corner Of Forest Brook Rd.),0,0,1,47,0,37.410713,-79.212747
Saturday,8,Outbound,3878395,37,JEFFERSON RIDGE PKWY./JUST P,0,0,0,21,0,37.39839,-79.22591
Saturday,8,Outbound,3878397,38,JEFFERSON RIDGE PKWY./JUST P,0,0,0,26,0,37.40051,-79.23337
Saturday,8,Outbound,786217,39,Old Forest Rd. (Northbound Across From Devonshire Rd.),1,0,1,78,0,37.413984,-79.210779
Saturday,8,Outbound,3878392,39,JEFFERSON RIDGE PKWY./TESSY,0,0,0,25,0,37.40412,-79.23730
Saturday,8,Outbound,786226,40,Old Forest Rd. (Northbound In Front Of Dairy Queen),1,1,2,77,0,37.414465,-79.208310
Saturday,8,Outbound,3878398,40,JEFFERSON RIDGE PKWY. IN FRO,0,0,0,25,0,37.40488,-79.23796
Saturday,8,Outbound,786224,41,Old Forest Rd. (Northbound Corner Of West St.),1,0,1,78,0,37.415522,-79.204837
Saturday,8,Outbound,2505550,41,Jefferson Ridge/Lynchpin Lane,0,0,0,25,0,37.407154,-79.239525
Saturday,8,Outbound,786223,42,Old Forest Rd. (Northbound Corner Of Poindexter St.),4,1,5,81,0,37.412579,-79.200552
Saturday,8,Outbound,3878399,42,JEFFERSON RIDGE PKWY./FRITO-,0,0,0,25,0,37.40422,-79.23754
Saturday,8,Outbound,786218,43,Old Forest Rd. (Northbound Across From Oak Hill Ave.),0,0,0,81,0,37.410679,-79.195501
Saturday,8,Outbound,3878400,43,JEFFERSON RIDGE PKWY./IN FRO,0,0,0,25,0,37.40020,-79.23269
Saturday,8,Outbound,785958,44,Clear Brook Nursing Home (Off Hill St. Across From Birchwood Dr.),2,1,3,42,0,37.410597,-79.186032
Saturday,8,Outbound,3878396,44,JEFFERSON RIDGE PKWY./JUST B,1,0,1,26,0,37.39842,-79.22919
Saturday,8,Outbound,785877,45,Breezewood Drive And Billy Craft Hyundai (Southbound),1,1,2,23,0,37.395544,-79.228332
Saturday,8,Outbound,786146,45,Langhorne Rd. (Eastbound Jewish Synagogue),5,2,7,91,0,37.413475,-79.183644
Saturday,8,Outbound,786140,46,Langhorne Rd. (Eastbound Avante Nursing And Rehab Center),5,2,6,87,0,37.413590,-79.182372
Saturday,8,Outbound,786139,47,Langhorne Rd. (Eastbound Across From Clifton St.),0,0,0,87,0,37.413613,-79.179803
Saturday,8,Outbound,3878402,47,OLD FOREST RD./IN FRONT OF K,0,0,0,41,0,37.40640,-79.18774
Saturday,8,Outbound,786144,48,Langhorne Rd. (Eastbound Holy Cross Catholic School),1,2,3,86,0,37.413465,-79.177214
Saturday,8,Outbound,786145,49,Langhorne Rd. (Eastbound In Front Of La Caretta),1,1,3,87,0,37.412488,-79.173025
Saturday,8,Outbound,786148,50,Langhorne Rd. (Eastbound Right Before Cvs),0,0,0,87,0,37.412099,-79.171978
Saturday,8,Outbound,786141,51,Langhorne Rd. (Eastbound Corner Of Atherholt Rd.),1,1,3,86,0,37.411817,-79.171260
Saturday,8,Outbound,786142,52,Langhorne Rd. (Eastbound Corner Of Carrington Rd.),1,2,3,86,0,37.410903,-79.168879
Saturday,8,Outbound,786143,53,Langhorne Rd. (Eastbound Ec Glass Student Parking Lot),0,0,0,86,0,37.410040,-79.167205
Saturday,8,Outbound,786147,54,Langhorne Rd. (Eastbound Main Entrance To Ec Glass High School),1,2,2,85,0,37.408778,-79.165346
Saturday,8,Outbound,786257,55,Park Ave. (Eastbound Corner Of Hutters Alley),1,4,5,81,0,37.404850,-79.158885
Saturday,8,Outbound,786101,58,HILL ST. & LANGHORNE RD. (IN,0,0,0,82,0,37.41357,-79.18497
Saturday,8,Outbound,4148401,68,LANGHORNE RD. & 8TH ST. (INB,1,3,4,82,0,37.40701,-79.16120
Saturday,8,Outbound,785882,70,Buchanon St. (Telephone Pole In Front Of Storage Facility),0,1,1,13,0,37.405919,-79.154946
Saturday,10,Outbound,786263,2,Buchanan St. ( Outbound From The Transfer Station),4,4,9,47,0,37.407462,-79.156373
Saturday,10,Outbound,786271,3,Park Ave. (Westbound Place Stop Across From Corner Of Hutters Alley),1,1,2,48,0,37.404998,-79.158731
Saturday,10,Outbound,786270,4,Park Ave. (Westbound In Front Of Park Ave. Baptist Church),1,3,4,46,0,37.404489,-79.163290
Saturday,10,Outbound,786267,5,Park Ave. (Westbound Across From Euclid Ave.),0,2,2,45,0,37.404304,-79.165293
Saturday,10,Outbound,786198,7,Memorial Ave. (Southbound Corner Of Wilton Ave Across From Burger King),1,1,2,34,0,37.402423,-79.167736
Saturday,10,Outbound,786196,8,Memorial Ave. (Southbound Corner Of Alleghany Ave.),1,1,2,33,0,37.400850,-79.168369
Saturday,10,Outbound,786197,9,Memorial Ave. (Southbound Corner Of Talbot St.),3,4,7,32,0,37.398870,-79.169246
Saturday,10,Outbound,785989,10,Eldon St. (Westbound Corner Of Memorial Ave In Front Of West Lynchburg Baptist Church),1,1,2,32,0,37.396879,-79.171207
Saturday,10,Outbound,786138,11,Langhorne Ln. (Westbound First Stop After Turning Off Eldon St.),0,0,0,32,0,37.397293,-79.172298
Saturday,10,Outbound,786136,12,Langhorne Ln. (Westbound Across From Albemarle St.),0,0,0,32,0,37.396835,-79.175112
Saturday,10,Outbound,786137,13,Langhorne Ln. (Westbound Across From Wingfield Ave.),0,0,1,32,0,37.396559,-79.176798
Saturday,10,Outbound,788278,14,Sussex St. (Southbound Across From Perry Ave.),0,0,0,32,0,37.394234,-79.179493
Saturday,10,Outbound,788279,15,Sussex St. (Southbound Corner Of Mccausland St. Across From Oakridge Blvd.),0,0,1,32,0,37.391480,-79.181153
Saturday,10,Outbound,788280,16,Sussex St. (Southbound Midblock Between Biltmore Ave. And Oakridge Blvd.),0,0,0,32,0,37.388895,-79.181319
Saturday,10,Outbound,788281,17,Sussex St. (Southbound Corner Of Biltmore Ave.),0,0,0,32,0,37.387501,-79.182417
Saturday,10,Outbound,3880726,18,PERRYMONT AVE. & ALEXANDER S,0,0,0,32,0,37.38813,-79.18472
Saturday,10,Outbound,786388,18,Thomas Rd. (Westbound First Stop Past Westchester Dr.),0,1,1,30,0,37.391699,-79.190848
Saturday,10,Outbound,786384,19,Thomas Rd. (Westbound Across From Meadowview Dr.),0,0,0,30,0,37.390823,-79.192732
Saturday,10,Outbound,3880727,19,PERRYMONT AVE. ACROSS FROM P,1,3,3,30,0,37.39062,-79.18732
Saturday,10,Outbound,3880728,20,PERRYMONT AVE. & THOMAS RD.,0,0,0,30,0,37.39232,-79.18876
Saturday,10,Outbound,786385,20,Thomas Rd. (Westbound Across From Oakdale Dr.),0,0,0,30,0,37.389009,-79.195127
Saturday,10,Outbound,786344,21,Sandusky Dr. (Southbound Corner Of Crawford Rd.),0,0,0,30,0,37.383750,-79.194983
Saturday,10,Outbound,786343,22,Sandusky Dr. (Southbound Across From Kanawha Rd. ),0,0,0,30,0,37.380415,-79.194859
Saturday,10,Outbound,786277,23,Pawnee Dr. (Westbound) Across From Sandusky Dr._Where The Two Roads Split),0,0,0,30,0,37.379672,-79.196713
Saturday,10,Outbound,786278,24,Pawnee Dr. (Westbound) Corner Of Sanhill Dr.),0,1,1,29,0,37.379588,-79.198745
Saturday,10,Outbound,786281,25,Plaza Transfer Center,9,8,18,43,0,37.404307,-79.168678
Saturday,10,Outbound,786276,25,Pawnee Dr. (Westbound) Across From Longmeadows Dr.),0,0,0,30,0,37.378387,-79.202050
Saturday,10,Outbound,786168,26,Long Meadows Dr. (Eastbound Corner Of Pawtucket Dr.),0,0,0,30,0,37.377393,-79.200853
Saturday,10,Outbound,786075,27,Fort Hill Shopping Center 2,6,10,15,26,0,37.373369,-79.194720
Saturday,10,Outbound,786170,28,Long Meadows Dr. (Southbound Wesly Apartments),3,1,4,28,0,37.373392,-79.198723
Saturday,10,Outbound,786169,29,Long Meadows Dr. (Southbound Before Intersection With Fort Ave.),1,0,1,28,0,37.370811,-79.197249
Saturday,10,Outbound,785809,29,Kemper Street Transfer Center,22,22,44,31,0,37.408105,-79.157322
Saturday,10,Outbound,3880733,30,LONG MEADOWS DR. & IGLOE DR.,1,1,2,29,0,37.37555,-79.19656
Saturday,10,Outbound,2505564,30,Fort Ave. Lynchburg Pawn Westbound,0,0,0,28,0,37.369869,-79.197757
Saturday,10,Outbound,786058,31,Fort Ave. (Westbound Across From Fenwick Dr.),1,1,1,28,0,37.368740,-79.199619
Saturday,10,Outbound,786288,32,River Ridge Mall Stop,12,15,27,27,0,37.363409,-79.180246
Saturday,10,Outbound,786038,33,Fort Ave. (Eastbound Corner Of Fenwick Dr.),1,0,1,27,0,37.368529,-79.199451
Saturday,10,Outbound,788296,34,Long Meadows Dr. (Northbound First Stop Off Fort Ave.),0,0,1,27,0,37.370851,-79.197149
Saturday,10,Outbound,788297,35,Long Meadows Dr. (Northbound Across From Wesley Apartments),1,1,2,27,0,37.373390,-79.198587
Saturday,10,Outbound,788298,36,Long Meadows Dr. (Westbound Across From Pawtucket Dr.),1,0,1,28,0,37.377558,-79.200951
Saturday,10,Outbound,788299,37,Pawnee Dr. (Eastbound Across From Sanhill Dr.),1,0,1,29,0,37.379457,-79.198903
Saturday,10,Outbound,788300,38,Sandusky Dr. (Eastbound Corner Of Pawnee Dr.),0,0,0,29,0,37.379579,-79.196539
Saturday,10,Outbound,788301,39,Sandusky Dr. (Inbound Corner Of Kanawha Rd.),0,0,0,29,0,37.380511,-79.194702
Saturday,10,Outbound,788302,40,Sandusky Dr. (Northbound Corner Of Crawford Rd.),0,0,0,30,0,37.383931,-79.194881
Saturday,10,Outbound,788303,41,Sandusky Dr. (Northbound Across From Rhonda Rd.),0,0,0,29,0,37.386631,-79.195296
Saturday,10,Outbound,788304,42,Sandusky Dr. (Northbound Corner Of Oakdale Dr.),0,0,0,30,0,37.389358,-79.194755
Saturday,10,Outbound,788305,43,Greenwood Dr. (Eastbound First Stop Past Meadowview Dr.),0,0,0,30,0,37.391192,-79.191665
Saturday,10,Outbound,788306,44,Greenwood Dr. (Eastbound Corner Of Perrymont Ave.),2,1,2,31,0,37.392266,-79.189341
Saturday,10,Outbound,786371,45,Sussex St. (Northbound Midblock Between Biltmore Ave And Oakridge Blvd.),0,0,0,33,0,37.389171,-79.181210
Saturday,10,Outbound,786368,46,Sussex St. (Northbound Across St. From Mccausland St.),0,0,1,33,0,37.391129,-79.181220
Saturday,10,Outbound,786369,47,Sussex St. (Northbound Corner Of Warren Ave.),0,0,0,33,0,37.393082,-79.180018
Saturday,10,Outbound,786370,48,Sussex St. (Northbound Corner Of Yeardley Ave.),0,0,0,33,0,37.395548,-79.178583
Saturday,10,Outbound,3880729,49,PERRYMONT AVE. & GOLF PARK D,0,0,0,31,0,37.39179,-79.18866
Saturday,10,Outbound,786135,49,Langhorne Ln. (Eastbound Corner Of Wingfield Ave.),1,0,1,33,0,37.396448,-79.177223
Saturday,10,Outbound,786134,50,Langhorne Ln. (Eastbound Corner Of Wilson Ave.),0,0,0,33,0,37.397002,-79.173426
Saturday,10,Outbound,3880730,50,PERRYMONT AVE./PERRYMONT ELE,2,0,3,33,0,37.39038,-79.18729
Saturday,10,Outbound,786133,51,Langhorne Ln. (Eastbound Corner Of Eldon St.),0,0,0,33,0,37.397231,-79.172145
Saturday,10,Outbound,3880731,51,PERRYMONT AVE. & FAIRMONT AV,0,0,0,33,0,37.38811,-79.17900
Saturday,10,Outbound,785988,52,Eldon St. (Southbound Corner Of Memorial Ave. Across Street From West Lynchburg Baptist Church),0,0,1,33,0,37.396725,-79.171175
Saturday,10,Outbound,786194,53,Memorial Ave. (Northbound First Stop On Memorial From Oakley Ave.),6,3,9,36,0,37.398424,-79.169439
Saturday,10,Outbound,786193,54,Memorial Ave. (Northbound Corner Of St. Augustine St.),1,0,1,36,0,37.400757,-79.168231
Saturday,10,Outbound,786192,55,Memorial Ave. (Inbound In Front Of Burger King),2,1,3,37,0,37.402399,-79.167568
Saturday,10,Outbound,786259,57,Park Ave. (Eastbound Corner Of Park Ln.),0,0,0,49,0,37.404255,-79.164761
Saturday,10,Outbound,786260,58,Park Ave. (Eastbound Miller Park Stop),6,1,7,53,0,37.404398,-79.163188
Saturday,10,Outbound,786257,59,Park Ave. (Eastbound Corner Of Hutters Alley),0,1,1,53,0,37.404850,-79.158885
Saturday,11,Outbound,785809,1,Kemper Street Transfer Center,3,2,5,4,0,37.408105,-79.157322
Saturday,11,Outbound,786263,2,Buchanan St. ( Outbound From The Transfer Station),0,0,0,7,0,37.407462,-79.156373
Saturday,11,Outbound,786275,3,Park Avenue And Langhorne Road (Westbound),0,0,0,6,0,37.403231,-79.158753
Saturday,11,Outbound,786273,4,Fort Ave. & Marsh St. ( Outbound),0,0,0,7,0,37.401933,-79.160084
Saturday,11,Outbound,786034,5,Fort Ave (Westbound Auto Zone Across From Thurman Avenue),0,0,0,7,0,37.399769,-79.162296
Saturday,11,Outbound,786060,6,Fort Ave. (Westbound Across From Spring Hill City Cemetary),0,0,0,7,0,37.397714,-79.164469
Saturday,11,Outbound,786061,7,Fort Ave. (Westbound Before East Grand Ave.),0,0,0,7,0,37.394340,-79.168018
Saturday,11,Outbound,786064,8,Fort Ave. (Westbound East Grand Ave.),0,0,0,7,0,37.393207,-79.169210
Saturday,11,Outbound,786059,9,Fort Ave. (Westbound Across From Rutherford St.),0,0,0,7,0,37.391759,-79.170773
Saturday,11,Outbound,786070,10,Fort Ave. (Westbound Oakridge Blvd.),0,1,1,6,0,37.390478,-79.172119
Saturday,11,Outbound,786073,11,Fort Ave. (Westbound Vermont Ave.),0,0,0,6,0,37.389327,-79.173353
Saturday,11,Outbound,786069,12,Fort Ave. (Westbound New Hampshire Ave.),0,0,0,6,0,37.386106,-79.176666
Saturday,11,Outbound,786062,13,Fort Ave. (Westbound Biltmore Ave.),0,0,0,6,0,37.385359,-79.177495
Saturday,11,Outbound,786067,14,Fort Ave. (Westbound Johnson Rd.),0,0,0,6,0,37.382330,-79.180732
Saturday,11,Outbound,786072,15,Fort Ave. (Westbound Tolley"s" Ln.),0,0,0,6,0,37.380894,-79.181999
Saturday,11,Outbound,786071,16,Fort Ave. (Westbound Toledo Ave.),0,0,0,6,0,37.379950,-79.182821
Saturday,11,Outbound,786068,17,Fort Ave. (Westbound Lindsay St.),0,0,0,6,0,37.378006,-79.184524
Saturday,11,Outbound,786063,18,Fort Ave. (Westbound Chesnut Hill Dr.),0,1,2,5,0,37.377190,-79.185278
Saturday,11,Outbound,788289,19,Fort Ave. (Westbound Across From Moseley Dr.),0,0,0,5,0,37.374640,-79.188801
Saturday,11,Outbound,788290,20,Fort Ave. (Westbound Corner Of Heath Ave.),0,0,0,5,0,37.374073,-79.190512
Saturday,11,Outbound,788291,21,Fort Ave. (Westbound Corner Of Sandusky Dr.),0,0,0,5,0,37.373562,-79.192228
Saturday,11,Outbound,786075,22,Fort Hill Shopping Center 2,1,1,2,5,0,37.373369,-79.194720
Saturday,11,Outbound,786066,23,Fort Ave. (Westbound Fort Hill Shopping Center Exit),0,0,0,5,0,37.372117,-79.195017
Saturday,11,Outbound,786074,24,Fort Hill (Westbound Marathon Gas Station Right Past Fort Hill Shopping Center),0,0,0,4,0,37.371127,-79.195975
Saturday,11,Outbound,2505564,25,Fort Ave. Lynchburg Pawn Westbound,0,0,0,4,0,37.369869,-79.197757
Saturday,11,Outbound,786058,26,Fort Ave. (Westbound Across From Fenwick Dr.),0,0,0,4,0,37.368740,-79.199619
Saturday,11,Outbound,786399,27,Timberlake Rd. (Westbound Corner Of Middleview St.),0,0,0,4,0,37.361945,-79.210526
Saturday,11,Outbound,786398,28,Timberlake Rd. (Westbound Across From Misty Mountain Rd.),0,0,0,4,0,37.360408,-79.212992
Saturday,11,Outbound,786401,29,Timberlake Rd. (Westbound In Front Of Bojangles),1,1,3,4,0,37.352175,-79.227097
Saturday,11,Outbound,786402,30,Timberlake Rd. (Westbound In Front Of Dairy Queen),0,0,0,4,0,37.349451,-79.231031
Saturday,11,Outbound,786400,31,Timberlake Rd. (Westbound Corner Of Wood Rd.),1,0,1,5,0,37.347433,-79.232871
Saturday,11,Outbound,786404,32,Timberlake Road And Greenview Drive (Westbound) Lynchburg Credit Union,0,0,0,5,0,37.344059,-79.234999
Saturday,11,Outbound,786407,33,Timberlake Road And Silverspring Road (Westbound),0,0,0,5,0,37.338100,-79.239490
Saturday,11,Outbound,786406,34,Timberlake Road And Jordan Drive (Westbound),0,0,0,5,0,37.334053,-79.242715
Saturday,11,Outbound,786462,35,Waterlick Road (Startek Stop),2,2,3,5,0,37.329677,-79.249985
Saturday,11,Outbound,786405,36,Timberlake Road And Jordan Drive (Eastbound),0,0,0,5,0,37.333838,-79.242490
Saturday,11,Outbound,3478115,37,Timberlake Rd. Just Beyond Burger King (Inbound),0,0,0,5,0,37.335125,-79.241493
Saturday,11,Outbound,786408,38,Timberlake Road And Silversprings Drive (Eastbound),0,0,0,5,0,37.338220,-79.238984
Saturday,11,Outbound,786403,39,Timberlake Road And Dav Store (Eastbound),0,0,0,5,0,37.343460,-79.234983
Saturday,11,Outbound,786396,40,Timberlake Rd. (Social Security Office Parking Lot),1,0,1,5,0,37.354524,-79.221578
Saturday,11,Outbound,786394,41,Timberlake Rd. (Eastbound Timber Ridge Apartments First Stop),0,0,0,5,0,37.356757,-79.219525
Saturday,11,Outbound,786395,42,Timberlake Rd. (Eastbound Timber Ridge Apartments Second Stop),0,0,0,5,0,37.357764,-79.218163
Saturday,11,Outbound,786392,43,Timberlake Rd. (Eastbound Right Before Bethlehem Church),0,0,0,5,0,37.358668,-79.216523
Saturday,11,Outbound,786391,44,Timberlake Rd. (Eastbound Corner Of Misty Mountain Rd.),0,0,0,5,0,37.360469,-79.212381
Saturday,11,Outbound,786393,45,Timberlake Rd. (Eastbound Right Before Leesville Rd.),0,0,0,5,0,37.362281,-79.209444
Saturday,11,Outbound,786038,46,Fort Ave. (Eastbound Corner Of Fenwick Dr.),0,1,1,5,0,37.368529,-79.199451
Saturday,11,Outbound,786039,47,Fort Ave. (Eastbound Corner Of John Lynch Pl.),0,0,0,4,0,37.372292,-79.194123
Saturday,11,Outbound,786036,48,Fort Ave. (Eastbound Across From Sandusky Dr.),0,0,0,4,0,37.373315,-79.192412
Saturday,11,Outbound,786040,49,Fort Ave. (Eastbound Corner Of Quaker Parkway Across From Coronado Ln.),0,0,0,4,0,37.373722,-79.191103
Saturday,11,Outbound,786037,50,Fort Ave. (Eastbound Corner Of Belfast St.),0,0,0,4,0,37.374610,-79.188441
Saturday,11,Outbound,786048,51,Fort Ave. (Northbound Before Lindsay St.),1,0,1,5,0,37.377565,-79.184667
Saturday,11,Outbound,786049,52,Fort Ave. (Northbound Before Mckinney Ave.),0,0,0,5,0,37.380018,-79.182553
Saturday,11,Outbound,786044,53,Fort Ave. (Northbound Across From Fire And Rescue Station #3),0,0,0,5,0,37.381335,-79.181396
Saturday,11,Outbound,786050,54,Fort Ave. (Northbound Chesnut Hill United Methodist Church),0,0,0,5,0,37.382461,-79.180412
Saturday,11,Outbound,786047,55,Fort Ave. (Northbound After Harding St.),0,0,0,5,0,37.384581,-79.178161
Saturday,11,Outbound,786053,56,Fort Ave. (Northbound Liggates Rd.),0,0,0,5,0,37.386426,-79.176029
Saturday,11,Outbound,786045,57,Fort Ave. (Northbound Addison St.),0,0,0,5,0,37.387635,-79.174796
Saturday,11,Outbound,786054,58,Fort Ave. (Northbound Novell St.),0,0,0,5,0,37.389190,-79.173270
Saturday,11,Outbound,786046,59,Fort Ave. (Northbound After Edley Pl. Split Of Fort Ave. And Memorial Ave.),0,0,0,4,0,37.390551,-79.171877
Saturday,11,Outbound,786055,60,Fort Ave. (Northbound Rutherford St.),0,0,0,4,0,37.391755,-79.170570
Saturday,11,Outbound,786051,61,Fort Ave. (Northbound Englewood St.),0,0,0,4,0,37.392820,-79.169446
Saturday,11,Outbound,786052,62,Fort Ave. (Northbound First City Stadium Stop Across From East Grand Ave.),0,0,0,4,0,37.393440,-79.168768
Saturday,11,Outbound,786056,63,Fort Ave. (Northbound Second City Stadium Stop),0,0,0,4,0,37.394367,-79.167788
Saturday,11,Outbound,786041,64,Fort Ave. (Eastbound Spring Hill Cemetary Lancaster St.),0,0,0,4,0,37.397536,-79.164467
Saturday,11,Outbound,786043,65,Fort Ave. (Northbound Across From Auto Zone),0,0,0,4,0,37.399398,-79.162488
Saturday,11,Outbound,786272,66,Park Avenue And 12th Street,0,0,0,5,0,37.400946,-79.160843
Saturday,11,Outbound,785810,67,Fort Ave. & Campbell Ave. (Inbound),0,1,1,4,0,37.403152,-79.158606
Saturday,12X,Outbound,785809,1,Kemper Street Transfer Center,22,8,30,51,0,37.408105,-79.157322
Saturday,12X,Outbound,786263,2,Buchanan St. ( Outbound From The Transfer Station),28,16,44,32,0,37.407462,-79.156373
Saturday,12X,Outbound,786275,3,Park Avenue And Langhorne Road (Westbound),6,4,10,34,0,37.403231,-79.158753
Saturday,12X,Outbound,786273,4,Fort Ave. & Marsh St. ( Outbound),1,2,3,36,0,37.401933,-79.160084
Saturday,12X,Outbound,786432,5,Wadsworth St. (Westbound Corner Of Marsh St.),0,0,0,1,0,37.400973,-79.161965
Saturday,12X,Outbound,786431,6,Wadsworth St. (Westbound Corner Of Glenwood St.),0,0,0,1,0,37.401624,-79.163533
Saturday,12X,Outbound,3478097,7,Wadsworth St. Outbound (Across from Park View United Methodist Church),0,0,0,1,0,37.403013,-79.166838
Saturday,12X,Outbound,786198,8,Memorial Ave. (Southbound Corner Of Wilton Ave Across From Burger King),0,0,0,1,0,37.402423,-79.167736
Saturday,12X,Outbound,786196,9,Memorial Ave. (Southbound Corner Of Alleghany Ave.),0,0,0,1,0,37.400850,-79.168369
Saturday,12X,Outbound,786197,10,Memorial Ave. (Southbound Corner Of Talbot St.),0,0,0,1,0,37.398870,-79.169246
Saturday,12X,Outbound,786209,11,Oakley Ave. (Westbound Corner Of Norma St.),0,0,0,1,0,37.398821,-79.171092
Saturday,12X,Outbound,786208,12,Oakley Ave. (Eastbound First Stop On Oakley From Richmond St.),0,0,0,1,0,37.399626,-79.172444
Saturday,12X,Outbound,786210,13,Oakley Ave. (Westbound Corner Of Richmond St.),0,0,0,1,0,37.400322,-79.173368
Saturday,12X,Outbound,786211,14,Oakley Avenue And Macon Street (Eastbound),0,0,0,1,0,37.402600,-79.177138
Saturday,12X,Outbound,786125,15,Lakeside Dr. (Westbound Corner Of Hood St.),0,0,0,1,0,37.402892,-79.179064
Saturday,12X,Outbound,786116,32,Lakeside Dr. (Eastbound Lynchburg College Stop),0,0,0,1,0,37.401679,-79.182628
Saturday,12X,Outbound,786113,33,Lakeside Dr. (Eastbound Corner Of Hood St.),0,0,0,1,0,37.402560,-79.179461
Saturday,12X,Outbound,786212,34,Oakley Avenue And Macon Street (Westbound),0,0,0,1,0,37.402468,-79.177249
Saturday,12X,Outbound,786207,35,Oakley Ave. (Eastbound Corner Of Norma St.),0,0,0,1,0,37.398655,-79.171044
Saturday,12X,Outbound,786194,36,Memorial Ave. (Northbound First Stop On Memorial From Oakley Ave.),0,0,0,1,0,37.398424,-79.169439
Saturday,12X,Outbound,786193,37,Memorial Ave. (Northbound Corner Of St. Augustine St.),0,0,0,1,0,37.400757,-79.168231
Saturday,12X,Outbound,786192,38,Memorial Ave. (Inbound In Front Of Burger King),0,0,0,1,0,37.402399,-79.167568
Saturday,12X,Outbound,3478096,39,Wadsworth St. Inbound (Park View United Methodist Church),0,0,0,1,0,37.402905,-79.166916
Saturday,12X,Outbound,786430,40,Wadsworth St. (Eastbound Corner Of Glenwood St.),0,0,0,1,0,37.401622,-79.163767
Saturday,12X,Outbound,786429,41,Wadsworth St. (Eastbound Across From Marsh St.),0,0,0,1,0,37.400910,-79.162091
Saturday,12X,Outbound,786272,42,Park Avenue And 12th Street,0,0,0,47,0,37.400946,-79.160843
Saturday,12X,Outbound,785810,43,Fort Ave. & Campbell Ave. (Inbound),3,4,7,48,0,37.403152,-79.158606
Saturday,6/7X,Outbound,785809,1,Kemper Street Transfer Center,1,0,1,1,0,37.408105,-79.157322
Saturday,6/7X,Outbound,786263,2,Buchanan St. ( Outbound From The Transfer Station),0,0,0,1,0,37.407462,-79.156373
Saturday,6/7X,Outbound,786442,2,Wards Rd. (In Front Of Berlund Toyota Used Car Lot),1,1,3,9,0,37.360683,-79.181215
Saturday,6/7X,Outbound,786275,3,Park Avenue And Langhorne Road (Westbound),0,0,0,1,0,37.403231,-79.158753
Saturday,6/7X,Outbound,786273,4,Fort Ave. & Marsh St. ( Outbound),0,0,0,1,0,37.401933,-79.160084
Saturday,6/7X,Outbound,2505494,4,CVCC Campus Dr/Wards Ferry Rd,0,0,0,7,0,37.356241,-79.188567
Saturday,6/7X,Outbound,786034,5,Fort Ave (Westbound Auto Zone Across From Thurman Avenue),0,0,0,1,0,37.399769,-79.162296
Saturday,6/7X,Outbound,786060,6,Fort Ave. (Westbound Across From Spring Hill City Cemetary),0,0,0,1,0,37.397714,-79.164469
Saturday,6/7X,Outbound,786061,7,Fort Ave. (Westbound Before East Grand Ave.),0,0,0,1,0,37.394340,-79.168018
Saturday,6/7X,Outbound,786064,8,Fort Ave. (Westbound East Grand Ave.),0,0,0,1,0,37.393207,-79.169210
Saturday,6/7X,Outbound,786059,9,Fort Ave. (Westbound Across From Rutherford St.),0,0,0,1,0,37.391759,-79.170773
Saturday,6/7X,Outbound,786070,10,Fort Ave. (Westbound Oakridge Blvd.),0,0,0,1,0,37.390478,-79.172119
Saturday,6/7X,Outbound,786073,11,Fort Ave. (Westbound Vermont Ave.),0,0,0,1,0,37.389327,-79.173353
Saturday,6/7X,Outbound,786069,12,Fort Ave. (Westbound New Hampshire Ave.),0,0,0,1,0,37.386106,-79.176666
Saturday,6/7X,Outbound,786062,13,Fort Ave. (Westbound Biltmore Ave.),0,0,0,1,0,37.385359,-79.177495
Saturday,6/7X,Outbound,786067,14,Fort Ave. (Westbound Johnson Rd.),0,0,0,1,0,37.382330,-79.180732
Saturday,6/7X,Outbound,786072,15,Fort Ave. (Westbound Tolley"s" Ln.),0,0,0,1,0,37.380894,-79.181999
Saturday,6/7X,Outbound,786071,16,Fort Ave. (Westbound Toledo Ave.),0,0,0,1,0,37.379950,-79.182821
Saturday,6/7X,Outbound,786068,17,Fort Ave. (Westbound Lindsay St.),0,0,0,1,0,37.378006,-79.184524
Saturday,6/7X,Outbound,786063,18,Fort Ave. (Westbound Chesnut Hill Dr.),0,0,0,1,0,37.377190,-79.185278
Saturday,6/7X,Outbound,788289,19,Fort Ave. (Westbound Across From Moseley Dr.),0,0,0,1,0,37.374640,-79.188801
Saturday,6/7X,Outbound,788290,20,Fort Ave. (Westbound Corner Of Heath Ave.),0,0,0,1,0,37.374073,-79.190512
Saturday,6/7X,Outbound,788291,21,Fort Ave. (Westbound Corner Of Sandusky Dr.),0,0,0,1,0,37.373562,-79.192228
Saturday,6/7X,Outbound,786404,21,Timberlake Road And Greenview Drive (Westbound) Lynchburg Credit Union,0,0,0,1,0,37.344059,-79.234999
Saturday,6/7X,Outbound,786074,22,Fort Hill (Westbound Marathon Gas Station Right Past Fort Hill Shopping Center),0,0,0,1,0,37.371127,-79.195975
Saturday,6/7X,Outbound,786058,23,Fort Ave. (Westbound Across From Fenwick Dr.),0,0,0,1,0,37.368740,-79.199619
Saturday,6/7X,Outbound,786462,24,Waterlick Road (Startek Stop),0,0,1,2,0,37.329677,-79.249985
Saturday,6/7X,Outbound,786407,30,Timberlake Road And Silverspring Road (Westbound),0,0,0,7,0,37.338100,-79.239490
Saturday,6/7X,Outbound,786406,31,Timberlake Road And Jordan Drive (Westbound),0,0,0,8,0,37.334053,-79.242715
Saturday,6/7X,Outbound,786405,33,Timberlake Road And Jordan Drive (Eastbound),0,0,0,7,0,37.333838,-79.242490
Saturday,6/7X,Outbound,3478115,34,Timberlake Rd. Just Beyond Burger King (Inbound),0,0,0,6,0,37.335125,-79.241493
Saturday,6/7X,Outbound,786408,35,Timberlake Road And Silversprings Drive (Eastbound),0,0,0,7,0,37.338220,-79.238984
Saturday,6/7X,Outbound,786403,36,Timberlake Road And Dav Store (Eastbound),0,0,0,7,0,37.343460,-79.234983
Saturday,6/7X,Outbound,786160,37,Laxton Rd. (Westbound First Stop Off Of Timberlake Rd.),0,0,0,7,0,37.346560,-79.234842
Saturday,6/7X,Outbound,785994,38,Enterprise Dr. (Northbound Corner Of Laxton Rd.),0,0,0,6,0,37.348777,-79.242339
Saturday,6/7X,Outbound,785991,39,Enterprise Dr. (Corner Of Duncraig Drive Northbound),0,3,3,3,0,37.354588,-79.240700
Saturday,6/7X,Outbound,785996,40,Enterprise Dr. (Northbound Corner Of Tradewynd Dr.),0,1,1,2,0,37.356671,-79.240771
Saturday,6/7X,Outbound,785997,41,Enterprise Dr. (Northbound Corner Of Wyndhurst Dr.),0,2,2,2,0,37.360410,-79.241451
Saturday,6/7X,Outbound,785995,42,Enterprise Dr. (Northbound Corner Of Paulette Cir.),0,1,1,2,0,37.361944,-79.245464
Saturday,6/7X,Outbound,785990,43,Enterprise Dr. (Northbound Corner Of Dillard Dr.),0,0,0,2,0,37.365768,-79.248725
Saturday,6/7X,Outbound,785972,44,Dillard Dr. (Eastbound First Stop Off Enterprise Dr.),0,1,1,2,0,37.366993,-79.246246
Saturday,6/7X,Outbound,785973,45,Dillard Dr. (Eastbound Second Stop Off Enterprise Dr. ),0,0,0,2,0,37.367543,-79.243782
Saturday,6/7X,Outbound,785974,46,Dillard Dr. (J Crew Distribution Center),0,1,2,2,0,37.368232,-79.242025
Saturday,6/7X,Outbound,786092,47,Graves Mill Rd. (Eastbound Corner Of Old Graves Mill Rd.),0,0,0,2,0,37.375848,-79.223677
Saturday,6/7X,Outbound,785993,47,Enterprise Dr. (Northbound Corner Of Brook Park Pl.),1,0,1,3,0,37.368081,-79.251553
Saturday,6/7X,Outbound,785992,48,Enterprise Dr. (Northbound Across From Annjo Court),0,0,0,3,0,37.369609,-79.252715
Saturday,6/7X,Outbound,786033,49,Forest Rd. Us221 (Eastbound In Front Of Exxon),0,0,0,3,0,37.375118,-79.249251
Saturday,6/7X,Outbound,786032,50,Forest Rd. Us 221 (Eastbound In Front Of Burger King),0,1,1,2,0,37.377594,-79.248426
Saturday,6/7X,Outbound,786094,51,Graves Mill Rd. (Eastbound Inbound First Stop Past Gristmill Dr.),0,1,1,2,0,37.377446,-79.243806
Saturday,6/7X,Outbound,786090,52,Graves Mill Rd. (Eastbound Corner Of Mill Race Dr.),0,0,0,2,0,37.376815,-79.240221
Saturday,6/7X,Outbound,786088,53,Graves Mill Rd. (Eastbound Across From Lillian Ln.),0,0,0,2,0,37.376887,-79.238285
Saturday,6/7X,Outbound,786093,54,Graves Mill Rd. (Eastbound First Stop Past Lillian Ln. Other Side Of The Street),0,0,0,2,0,37.376912,-79.236062
Saturday,6/7X,Outbound,2505565,57,Creekside Ln./Home Depot,0,0,0,2,0,37.376406,-79.225573
Saturday,6/7X,Outbound,786091,59,Graves Mill Rd. (Eastbound Corner Of Nationwide Dr.),0,1,1,2,0,37.377565,-79.217027
Saturday,6/7X,Outbound,786087,60,Graves Mill Rd. (Eastbound Across From Leroy Bowen Dr.),0,0,0,2,0,37.374648,-79.212582
Saturday,6/7X,Outbound,3478114,61,Old Mill Apartments,0,0,0,2,0,37.375242,-79.206924
Saturday,6/7X,Outbound,786089,62,Graves Mill Rd. (Eastbound Across From Old Mill Rd.),0,0,0,2,0,37.371746,-79.208210
Saturday,6/7X,Outbound,3478113,63,Logans Landing Apartments,0,0,0,4,0,37.366807,-79.207407
Saturday,6/7X,Outbound,2505549,63,CVCC Inbound Stop,0,1,1,12,0,37.356408,-79.184896
Saturday,6/7X,Outbound,786436,64,Wards Ferry Rd. (Southbound Corner Of Adams Dr.),0,0,0,4,0,37.362921,-79.204154
Saturday,6/7X,Outbound,786435,65,Wards Ferry Rd. (Southbound Corner Of Aaron Pl.),1,0,1,4,0,37.361396,-79.201478
Saturday,6/7X,Outbound,786433,66,Wards Ferry Rd. (Lynchburg First Church Of The Nazarene),0,0,0,5,0,37.361049,-79.196378
Saturday,6/7X,Outbound,2505498,67,Wards Ferry Rd. Stop 4,0,0,0,4,0,37.361104,-79.193044
Saturday,6/7X,Outbound,2505496,68,Wards Ferry Rd. Stop 2,0,0,0,5,0,37.358902,-79.190632
Saturday,6/7X,Outbound,786434,69,Wards Ferry Rd. (Southbound Across From Havard St. And Cvcc Campus),0,0,0,5,0,37.356247,-79.188875
Saturday,6/7X,Outbound,785969,70,Cvcc Campus Main Stop (2 Shleters),0,0,1,10,0,37.358842,-79.183360
Saturday,6/7X,Outbound,786441,71,Wards Rd (Northbound Bergulnd Toyota),1,1,2,14,0,37.358723,-79.180549
Saturday,6/7X,Outbound,786288,72,River Ridge Mall Stop,5,4,8,11,0,37.363409,-79.180246